;x;y;coin;label
0;9.329284;1.6334416;37235;0
1;17.197727;0.25731367;39764;0
2;11.025928;3.7989203999999996;30084;0
3;11.485792;3.4138763;8211;0
4;-9.600242999999999;1.9476674999999999;21866;1
5;-5.747387000000001;8.962489999999999;38719;1
6;13.461197;1.4066969999999999;13624;0
7;11.621832000000001;0.6216524999999999;26739;0
8;10.889406;18.431568;41679;0
9;-5.7521830000000005;8.963565;21852;1
10;10.435764;0.30765837;8700;0
11;10.4779;-0.25538453;4608;0
12;-10.542100999999999;2.9335525000000002;21902;1
13;-10.647542;2.9551225;38840;1
14;12.188215;2.095225;40449;0
15;16.667685000000002;-1.4225781000000002;39421;0
16;11.907295;2.5074356;26713;0
17;1.771308;-12.332986;21414;2
18;11.962903;2.462977;21481;0
19;11.363103;3.414925;20921;0
20;0.9818393;1.2089608;2279;0
21;13.777479000000001;-5.932441000000001;19488;2
22;-14.182051000000001;6.3757176;21907;1
23;11.450927;3.4159286;13589;0
24;10.175235;0.6405395;2566;0
25;12.05433;5.0049715;16875;0
26;-5.8322199999999995;2.0225875;15903;1
27;12.081125;-14.524107;4594;2
28;14.596627999999999;-12.663019;21111;2
29;10.997065;3.9212443999999995;8091;0
30;-20.03464;-0.7346159000000001;39292;1
31;-10.29848;5.268473999999999;38804;1
32;-7.717055;5.5484667000000005;38404;1
33;18.674377;-10.6939745;20519;2
34;-5.801429;2.053595;39172;1
35;16.066622;4.4307360000000005;20524;0
36;-19.403933;-0.66395414;38759;1
37;11.288911;0.17453381;15481;0
38;11.338189999999999;3.4129772000000003;20197;0
39;11.626408999999999;0.58907235;20568;0
40;13.402760500000001;1.8474776000000002;11078;0
41;9.4756565;1.6262438;20789;0
42;13.217667;1.8509314;16891;0
43;10.118098;1.7204061999999998;27454;0
44;12.832509;-8.276797;19504;2
45;-14.178151999999999;6.3818779999999995;38760;1
46;-19.464054;-0.6638621;39067;1
47;-3.8178115;-0.56740534;19920;1
48;-14.179425;6.36979;38764;1
49;9.44515;1.6265201999999999;4597;0
50;-9.337603;1.558311;38430;1
51;14.415377;-0.75529176;20943;0
52;10.995394000000001;3.9072876000000005;8088;0
53;11.614258999999999;0.50137323;4590;0
54;11.717532;2.9896244999999997;8073;0
55;10.986134;3.9142299;27450;0
56;2.5004475;-12.39991;11007;2
57;13.671320999999999;-9.663687;24239;2
58;16.071842;4.432588;20625;0
59;22.841920000000002;-4.801017;40783;0
60;12.663692999999999;-9.05567;41558;2
61;-19.637867;-0.67664564;33207;1
62;10.138721;0.665625;2370;0
63;10.130086;0.6639685000000001;2569;0
64;10.4774885;-0.23965748;11091;0
65;-9.20594;2.7814507;39213;1
66;11.05903;18.955382999999998;18614;0
67;12.673216;-9.059289999999999;41562;2
68;18.675278;-10.6957655;20504;2
69;-6.2762117;-0.38141757;39659;1
70;3.982217;-12.642401;20245;2
71;1.0420844999999999;1.4446362;2062;0
72;-14.670975;4.260155;39031;1
73;13.194614999999999;-4.417798;19540;0
74;10.339395;0.44322866;2570;0
75;10.647714;-0.0016837448;8253;0
76;-14.600635;4.2338285;39153;1
77;-9.30879;1.5998178;19912;1
78;-19.64534;-0.6785654000000001;33211;1
79;11.233855;3.4653312999999994;6446;0
80;-10.456862;1.8236917000000001;39689;1
81;16.425041;3.7633736000000004;20518;0
82;11.359651;4.149585;24229;0
83;13.780323999999998;-5.9323487;19489;2
84;0.9368614;1.1720358;2068;0
85;10.239268;14.439829999999999;2343;0
86;-5.7502584;8.961935;33186;1
87;3.979451;-12.650561;20246;2
88;12.039259;5.0043573;16861;0
89;13.2738695;1.2371572;3681;0
90;-19.851318;-0.6964051;39175;1
91;16.421139;3.7682693;20992;0
92;16.06519;4.4355946;20513;0
93;12.929547999999999;2.0406027;17183;0
94;11.6269;0.5714064999999999;20576;0
95;11.879539999999999;3.8912995;39790;0
96;12.144188;0.8506218000000001;37827;0
97;11.191851;1.2743526;26748;0
98;0.6595551;1.7297213;2296;0
99;12.180346499999999;2.1100051;40450;0
100;9.157404;1.569308;20769;0
101;12.990213;2.151438;14283;0
102;22.848804;-4.800986;27416;0
103;10.946589999999999;-0.6837714;14286;0
104;10.460787;0.28406543;2363;0
105;9.323161;4.237953;5683;0
106;2.4741638;-12.386925999999999;11017;2
107;12.465614;0.06416933;33506;0
108;-10.512443;2.9218235;39694;1
109;16.424297;3.7657795;20289;0
110;0.9399174000000001;1.1665514;2115;0
111;12.78837;2.3863547;20772;0
112;-10.394981;5.417253;33213;1
113;12.177626;6.326398999999999;20916;0
114;4.4998035000000005;-12.826319999999999;20388;2
115;0.6528335999999999;1.7181640999999999;3458;0
116;10.443769;-0.21788847;37256;0
117;10.183503;15.523657;32442;0
118;13.467901000000001;1.4043883;13627;0
119;-7.714414;5.5465317;38383;1
120;12.451871;0.06189678;32667;0
121;11.349724;3.4153943;20267;0
122;9.824434;17.311316;8499;0
123;10.10927;0.68189037;2454;0
124;16.063717;4.4379919999999995;21065;0
125;9.291216;4.251275499999999;33688;0
126;4.580226000000001;-12.818186;11157;2
127;13.675003;-9.660785;24238;2
128;14.413335;-0.75535953;20933;0
129;-14.689082;4.292334599999999;39290;1
130;-14.181629999999998;6.3885565;38677;1
131;3.950587;-12.650263;20241;2
132;-5.3022633;-0.11462818;40496;1
133;9.977063000000001;12.813868;19517;0
134;11.188341000000001;3.9975437999999994;15491;0
135;13.950595000000002;-4.706607;41007;0
136;10.901061;18.439623;18575;0
137;13.678393;-9.666158;27727;2
138;11.374512;18.978642999999998;5897;0
139;13.316218;1.9283104;6005;0
140;-10.292261;5.268416;21811;1
141;10.921133;3.0711565;26757;0
142;13.675842000000001;3.6795324999999997;40457;0
143;3.9813027;-12.652749;20247;2
144;-3.8852246;-0.4617278;17252;1
145;10.23134;14.417164999999999;2356;0
146;12.736008;0.92068547;3445;0
147;10.249918;14.440223999999999;2325;0
148;10.798376;3.6163335;27761;0
149;3.6539211000000003;-12.638449000000001;17196;2
150;14.541765;-13.330194;6421;2
151;11.622247999999999;0.6274885;29351;0
152;12.203592;6.295422599999999;13613;0
153;11.23635;3.4388034;10921;0
154;11.971421000000001;2.4623517999999995;26787;0
155;13.463388;1.4155006;20184;0
156;11.187628;1.2617226000000001;26741;0
157;11.473972;3.4413593000000002;20214;0
158;15.091005;-4.54436;19529;0
159;3.7179646;-12.631407000000001;4580;2
160;13.29333;1.2314493999999998;10876;0
161;10.463979;0.28433459999999994;2378;0
162;3.4862258;-12.649317;4564;2
163;12.079792999999999;-14.524885000000001;20409;2
164;12.986898;2.151741;14285;0
165;11.625744000000001;0.51303166;20752;0
166;0.9404241;1.1690573;2116;0
167;10.40287;0.39376006;2395;0
168;13.129001;2.3924222;8487;0
169;-10.228264999999999;5.2007117;21833;1
170;-5.744488;8.958684;33220;1
171;13.417303;4.076661;8023;0
172;-10.254787;5.2379656;38694;1
173;-20.04887;-0.744984;33185;1
174;6.448176;2.713972;3453;0
175;11.682381;2.935892;8082;0
176;10.949634;-0.6819515;14254;0
177;17.503204;-1.3539851999999999;5902;0
178;-3.8870072;-0.4613084;39895;1
179;12.051066;5.002691;16859;0
180;-14.596623000000001;4.2310333;21872;1
181;-10.513005999999999;2.9178805;38738;1
182;13.784451500000001;-5.925879;19483;2
183;10.948622;-0.6843369;14289;0
184;-2.9683718999999997;-0.20892367;19929;1
185;11.027385;18.954952;18617;0
186;12.6736355;-9.066188;41553;2
187;14.593921;-12.676931;21424;2
188;14.582288;-12.67675;26668;2
189;11.621338;0.497533;20593;0
190;13.465912;1.4092233;20133;0
191;14.304898999999999;3.0394151000000003;21873;0
192;13.123676999999999;2.4078012;8474;0
193;14.465810999999999;2.9287953;39386;0
194;13.470404;1.8343395;17203;0
195;12.571676;2.5854504;41712;0
196;10.17331;0.6450057;5604;0
197;12.136969;0.84978235;8436;0
198;10.438018;0.31134906;2365;0
199;13.781908;-5.947147;19497;2
200;11.36318;4.138417700000001;27446;0
201;11.024391;18.956182000000002;18604;0
202;-2.9621482000000006;-0.20451228;39366;1
203;-14.700869;4.2842755;30784;1
204;12.747783;0.92283344;2024;0
205;10.535205;1.0263641;29485;0
206;-10.193291;5.200689;21863;1
207;11.910781;2.505317;8818;0
208;13.468103;1.8507942;11097;0
209;-5.206628;-0.09721329;39328;1
210;0.6498666999999999;1.7181612000000002;2100;0
211;12.216679;6.2688913;21118;0
212;13.341063;1.9501749;24155;0
213;14.48381;-13.274106;21391;2
214;13.693435999999998;3.6878762000000003;30819;0
215;-5.743858;8.956111;33194;1
216;17.510235;-1.3539541000000002;5905;0
217;10.886721000000001;3.6818619;3533;0
218;12.203365;0.91438735;6122;0
219;11.227545;3.4739976;6454;0
220;12.568714;0.08825247;12639;0
221;11.881926;3.8883934;39313;0
222;10.176178;15.52904;32435;0
223;12.190975;2.108018;30815;0
224;1.7811192999999998;-12.345828;21382;2
225;12.19519;0.9021252000000001;5901;0
226;-10.511301;2.9300737;38746;1
227;-10.96177;2.8482838;39162;1
228;-14.492953;4.2870946;38720;1
229;-19.360912;-0.65275574;38777;1
230;12.184475;6.315764;20089;0
231;13.277369;1.2351818;29043;0
232;13.653226;-8.631527;19520;2
233;12.490625;2.714336;24687;0
234;11.915167;2.500882;6337;0
235;11.742066000000001;-1.2466261;8213;0
236;11.357086;0.10278618;14740;0
237;-10.466047;1.811582;39688;1
238;-10.524308999999999;2.9246652;38745;1
239;-5.224071;-0.10829166;17246;1
240;11.370075;4.1386385;27429;0
241;13.776723;1.3718388000000001;21232;0
242;-8.890473;1.6461318;17244;1
243;12.185103999999999;6.315521700000001;20093;0
244;-19.592321;-0.68291223;38909;1
245;-10.510166;2.9321876000000002;39680;1
246;11.215671;3.4848328;26744;0
247;-19.86935;-0.69591075;39168;1
248;10.646117;0.0001600623;8248;0
249;13.48838;1.3802085;20948;0
250;14.482251999999999;-13.270663;21386;2
251;12.046851;5.0088215;16791;0
252;-20.054323;-0.7433755999999999;38778;1
253;-10.415714999999999;1.8446968000000001;39664;1
254;-10.61192;2.950119;38475;1
255;-14.426179999999999;4.259139;39008;1
256;2.2452774;-12.379675;5626;2
257;-19.637981;-0.6822282;39037;1
258;10.236608;14.4363;2346;0
259;10.1131;1.719356;27458;0
260;-14.174425;6.3841790000000005;39190;1
261;14.592667;-12.678306;5640;2
262;-14.625387;4.287818;38477;1
263;10.54502;1.0197109;27025;0
264;14.555951;1.4106172;1314;0
265;3.7118626000000003;-12.629684;17199;2
266;22.701946;-4.682023;27421;0
267;11.098813999999999;18.791216;41687;0
268;9.337252000000001;4.2409167000000005;2359;0
269;13.194231;-4.4135294;19543;0
270;13.360001;1.8322128;13618;0
271;10.384708;-0.098849416;7182;0
272;11.097489999999999;18.79111;41688;0
273;13.949335000000001;-4.7051167000000005;41691;0
274;-9.3427725;1.5592551000000001;17248;1
275;13.220785000000001;1.8511444;16900;0
276;-10.654214999999999;2.958777;39072;1
277;14.556814000000001;1.4030448999999998;8028;0
278;13.485585;1.8381523000000002;20381;0
279;10.995247;3.9063095999999997;29065;0
280;-8.867308;1.6501852;38392;1
281;1.7968193;-12.33938;21355;2
282;-20.032879;-0.7336606;38841;1
283;16.570316000000002;-1.3458928999999997;21881;0
284;13.638292000000002;3.6737983;30807;0
285;9.813459;0.62202084;5612;0
286;11.343105;3.3149413999999995;26681;0
287;-6.276903;-0.36338709999999996;19917;1
288;0.61241215;0.9569757999999999;2079;0
289;16.532732;-1.3191768;39471;0
290;3.660503;-12.633927;4576;2
291;13.993058999999999;6.9094114;8040;0
292;-14.696492999999998;4.2932763;33191;1
293;12.055781;5.013500700000001;13603;0
294;11.19391;1.2769771;26750;0
295;10.385286;-0.10160641;7183;0
296;10.651914999999999;0.0042542935999999995;8251;0
297;22.755957000000002;-4.7374529999999995;15864;0
298;-8.865917;1.6521108;38403;1
299;12.202021;0.9119613999999999;9511;0
300;6.2332945;-8.282195;20403;2
301;2.555078;-12.408796;21376;2
302;4.503744599999999;-12.841619;20390;2
303;11.628382;0.51011336;20585;0
304;12.483389;2.724889;24686;0
305;-14.49044;4.2902192999999995;39194;1
306;9.856475999999999;0.6193382;2562;0
307;-8.351534;3.8439152;21807;1
308;-19.426707999999998;-0.6602758000000001;39279;1
309;11.619661;0.6477005;6449;0
310;12.449872000000001;2.4108727;20191;0
311;13.465027;1.4151738999999999;20129;0
312;-10.301214;5.2768927;33212;1
313;-14.422;4.2471633;21848;1
314;13.364670000000002;1.8354326;20121;0
315;18.68259;-10.69792;11087;2
316;14.588358;-12.675472000000001;21425;2
317;13.991564000000002;6.9112597000000004;6441;0
318;12.18265;6.3100076;20092;0
319;12.669061;-9.064111;41029;2
320;10.428718;-0.24909356;4599;0
321;11.058289;18.965975;18616;0
322;10.312546000000001;0.46492156;2387;0
323;12.4718485;0.07353685;37431;0
324;16.631923999999998;-1.4014109;39475;0
325;-9.593517;1.9462353;39045;1
326;12.185791;2.0884914;30823;0
327;9.595475;1.6485821;20805;0
328;9.841788000000001;0.61057544;2385;0
329;10.899298;18.440744;18576;0
330;3.9925669999999998;11.315384;8142;0
331;11.329882000000001;3.3354053;26680;0
332;12.209351;6.2701797;20917;0
333;-5.802122;2.0476685000000003;17283;1
334;10.989687;3.9098296;27451;0
335;12.622702;0.104494765;1818;0
336;-10.228774000000001;5.1993885;38768;1
337;11.449686;3.4277005;20222;0
338;14.559289999999999;-13.349004;21389;2
339;-7.7139463;5.537810299999999;21801;1
340;12.4768715;0.07193766;5396;0
341;12.61325;0.09768224;1795;0
342;-19.827206;-0.7089745;38684;1
343;10.074373;17.569084;3685;0
344;11.88392;3.886221;21888;0
345;14.417704;-0.7533733;20961;0
346;-14.59976;4.231806;39009;1
347;11.883028;3.8888538;39801;0
348;18.680344;-10.689833;20533;2
349;11.195252;4.0040236;14293;0
350;10.646067;0.0013268262;8250;0
351;-10.248732;5.2266517;21838;1
352;10.4341755;0.3157394;2477;0
353;14.485220000000002;-13.267180999999999;21392;2
354;11.584659;4.906827;20631;0
355;10.95088;-0.6815422;15485;0
356;10.8157425;3.632075;7510;0
357;-5.7967005;2.046765;39171;1
358;14.126935000000001;3.1060622;21910;0
359;-3.8874923999999997;-0.46101016;39901;1
360;11.769133;3.3341993999999997;3152;0
361;10.303647;2.8562875;8516;0
362;6.0064106;1.2724832;20570;0
363;-14.601239999999999;4.2308072999999995;33203;1
364;13.134254;2.3908496;8471;0
365;11.613643;0.5024133;20748;0
366;13.459906;1.8460299;17189;0
367;11.002278;-0.44597068;24234;0
368;12.218;4.7083483;39800;0
369;-14.174013;6.373232;38790;1
370;10.243083;14.434453;3437;0
371;11.621356;0.63012815;6424;0
372;11.268226;4.0742965;38971;0
373;9.8122;0.631034;2390;0
374;-10.400014;5.419134;38689;1
375;12.447892999999999;2.4068031000000003;20205;0
376;13.995073000000001;6.903741;8046;0
377;13.275376999999999;1.2323536;8493;0
378;22.712652;-4.690139;27412;0
379;-10.657642999999998;2.963616;21886;1
380;10.111535;0.6718858;2364;0
381;6.225112;-8.269728;11089;2
382;-6.275257;-0.37694806;19913;1
383;-5.750986599999999;8.960075;38686;1
384;13.671875;-9.660917;27731;2
385;2.245393;-12.377963000000001;5617;2
386;11.766962;3.3148693999999996;3149;0
387;14.592918;-12.67586;5641;2
388;12.180067;6.3218510000000006;20081;0
389;13.607239000000002;3.6350982000000003;24225;0
390;3.5834812999999994;-12.634730000000001;11072;2
391;-5.8312073;2.0268919999999997;17250;1
392;3.9900393;11.314623;8215;0
393;10.375194;0.42708024;2405;0
394;10.916244;3.0755310000000002;26743;0
395;-19.611164000000002;-0.6842199999999999;38673;1
396;11.59112;4.953707700000001;12343;0
397;-19.414839999999998;-0.6611269000000001;39281;1
398;13.412878;1.8511436000000001;17187;0
399;0.9406947;1.1708785;2114;0
400;10.18407;0.6405584;2458;0
401;11.267323;4.066648000000001;38974;0
402;13.673473999999999;-9.665255;27718;2
403;10.183129;15.519167000000001;32450;0
404;12.195158000000001;0.90931684;13670;0
405;13.459921;1.4139122;20283;0
406;3.4814917999999997;-12.658139;16510;2
407;10.307139;2.8573117000000003;3684;0
408;11.185044;1.9459548999999998;20977;0
409;11.189711;1.2715733;26674;0
410;10.074896;17.561935000000002;8541;0
411;11.929661999999999;2.5050955000000004;5400;0
412;10.434233;-0.24776193;20557;0
413;13.680841000000001;-9.659899000000001;38957;2
414;10.897974000000001;18.445671;18570;0
415;10.240211500000001;14.434741;2348;0
416;1.0380293;1.4293703000000002;2274;0
417;11.741126;-1.2440042;8438;0
418;-9.601417;1.9449705000000002;39702;1
419;13.220312;1.8519279999999998;16887;0
420;1.7745202000000002;-12.347875;21360;2
421;1.853064;-12.332028;21364;2
422;-10.180903;5.227149;38723;1
423;12.565856;2.6007385;41696;0
424;10.992053;3.9012294;6433;0
425;4.580628400000001;-12.818541;20367;2
426;12.788011000000001;2.3837824;11079;0
427;11.277073;3.4090054;27106;0
428;11.761967;3.3118272000000006;27155;0
429;4.582799;-12.8200865;20254;2
430;11.619800999999999;0.61189806;27159;0
431;11.219465;3.4837754000000003;6453;0
432;11.965278;2.4599385;26785;0
433;10.451535;-0.206948;39447;0
434;12.450585;2.4051754;20268;0
435;12.151978999999999;0.84578514;6107;0
436;12.736113000000001;0.91256285;2009;0
437;12.172646499999999;2.1225152;8030;0
438;11.595221;0.69350135;31301;0
439;9.33568;1.6277498;20777;0
440;12.294379;4.731644;39385;0
441;9.342116;1.6060101;20782;0
442;12.184816;6.309101999999999;21072;0
443;10.9864435;3.909368;29069;0
444;3.9355569999999997;-12.652672;20238;2
445;11.634058999999999;0.60009253;26764;0
446;12.829435;-8.289914;19533;2
447;3.5823263999999995;-12.639330000000001;11073;2
448;2.3800573;-12.390028;21422;2
449;9.334412;1.5656139;20779;0
450;9.174717999999999;0.2504645;39237;0
451;17.509083;-1.3473003000000001;29102;0
452;-10.441332000000001;1.8393741999999997;21850;1
453;13.191801000000002;-4.426812;19536;0
454;13.4153805;4.073519;10909;0
455;-5.2164717000000005;-0.09114269;21928;1
456;11.210077;3.4844265;27087;0
457;6.441977;2.7125955000000004;2054;0
458;13.392507;1.8377289;4584;0
459;11.690756;0.5549309;20758;0
460;11.365404;4.055114;21156;0
461;-20.04492;-0.743223;21468;1
462;-5.8732866999999995;1.9992514;14279;1
463;12.0476265;5.0158424;21113;0
464;13.991513000000001;6.906307000000001;8043;0
465;11.654805999999999;0.5322123000000001;26751;0
466;22.834324;-4.7986474;38894;0
467;9.825660000000001;17.308525;8500;0
468;-14.176279000000001;6.369063;21857;1
469;22.781506;-4.759628299999999;40782;0
470;13.776860999999998;-5.930228;19491;2
471;10.148425;0.65398496;2438;0
472;10.071854;17.561646;8544;0
473;13.648422;-8.6298685;19523;2
474;5.998521;1.2750683;4612;0
475;11.281277000000001;3.4017544;27089;0
476;13.781069;1.3758478;10913;0
477;14.55485;1.4074465;6427;0
478;9.330313;4.236549;2361;0
479;13.365176000000002;-5.0523367;1997;2
480;9.334665;1.5722201;20785;0
481;11.188139;1.273221;26682;0
482;12.277731;4.043622;6289;0
483;-5.2241926;-0.0966779;39341;1
484;-5.2197447;-0.09490528;39326;1
485;10.43965;-0.2140427;11152;0
486;-14.459493;4.267907;33189;1
487;10.539603999999999;1.0322691;27083;0
488;11.768988;3.3053812999999996;6455;0
489;10.12674;0.67031276;2491;0
490;12.445273;2.3973165;20260;0
491;0.94433606;1.1686437;2267;0
492;9.974986;12.811857;19514;0
493;12.203983000000001;0.9173902;6141;0
494;0.6048246;0.94075996;2083;0
495;-10.369879;1.8798602;38832;1
496;11.620462;0.54586565;20755;0
497;-14.4899645;4.2822948;21897;1
498;0.6124326999999999;0.9464855;2282;0
499;16.058714000000002;4.460797299999999;20506;0
500;13.199263;-4.4183129999999995;19564;0
501;5.996385;1.2730553;20567;0
502;6.0031323;1.274742;20563;0
503;12.217410000000001;0.93073845;21264;0
504;-6.276271299999999;-0.37423822;38445;1
505;11.675341;0.5425484;24159;0
506;10.993762;3.8979687999999997;8090;0
507;-10.472705;1.8135598999999998;38652;1
508;-10.174732;5.219175;33198;1
509;0.5907443;0.9398917;2273;0
510;-10.447586;1.8381763999999998;38435;1
511;12.472808;2.7135662999999997;41006;0
512;-14.421802;4.2533092;38899;1
513;9.847471;0.5412437;5608;0
514;3.9914665;11.313381;8216;0
515;11.02593;3.7995574;11114;0
516;10.361232000000001;0.43245584;2413;0
517;10.426347;-0.25119716;20554;0
518;10.391166;-0.09654059;4567;0
519;13.692517;3.6816869;30824;0
520;11.097883;18.790815;41684;0
521;13.789113;1.37729;21238;0
522;-14.632795000000002;4.2846;39040;1
523;-20.065922;-0.73623455;21467;1
524;11.192342;1.9483398;17161;0
525;11.362314;4.140589;16664;0
526;11.623692;0.51359093;20750;0
527;3.9399161;-12.64386;4581;2
528;-10.320043;5.302969999999999;38885;1
529;11.000886;-0.4456082;27464;0
530;10.891682000000001;18.440296;41678;0
531;11.48958;3.4127681000000005;29061;0
532;12.487102;2.7229688;40828;0
533;-6.2780495;-0.40024433;19904;1
534;-5.750905;8.962511;38798;1
535;1.9598837;-12.343332;6411;2
536;-14.678054999999999;4.2899384000000005;38699;1
537;-19.841133;-0.7110448;39050;1
538;-10.268676;5.242166;21816;1
539;-19.844296;-0.71730375;39207;1
540;11.256086999999999;4.0595784;17458;0
541;10.98895;3.9067730000000003;6009;0
542;-14.621521;4.2852583;24743;1
543;17.508470000000003;-1.3532566000000001;11026;0
544;-4.920244;3.4068362999999997;21815;1
545;11.349248;0.11351802;14295;0
546;13.784092999999999;1.3634713;21351;0
547;-5.870471;1.9990888999999998;14324;1
548;-5.3010025;-0.116596386;39334;1
549;13.226448000000001;-4.4247174000000005;24808;0
550;12.214153;6.2752542;27072;0
551;1.9203259999999998;-12.327636;21359;2
552;10.376186;0.4164807;2432;0
553;2.1241917999999997;-12.368383;21373;2
554;10.113892;0.6777155;5603;0
555;11.643831;2.8786016;8069;0
556;13.626772;3.6736636;40453;0
557;9.077762;-2.0616421999999996;8055;0
558;13.391314000000001;1.8506610000000001;21085;0
559;11.650167;0.5610048000000001;4827;0
560;13.459837;1.4092495;20134;0
561;10.455207000000001;0.28390056;2571;0
562;13.280895999999998;1.2651146999999998;10880;0
563;-14.489351999999998;4.2798047;38733;1
564;11.343672;0.13496096;15490;0
565;14.463272;2.9212717999999995;39307;0
566;-5.827041;2.0243185;16655;1
567;-9.220542;2.77317;39201;1
568;11.718204;2.980934;8064;0
569;9.184839;1.5823989;11094;0
570;18.667912;-10.682109;4609;2
571;12.611239;0.098964974;1775;0
572;13.417043;4.080159;6383;0
573;11.88114;3.8870815999999997;39319;0
574;18.686964;-10.702675;11086;2
575;14.151726000000002;3.0963237;39423;0
576;5.9973407;1.2756169;20564;0
577;11.350850999999999;3.3141766;6458;0
578;13.184198;-4.4166317;19541;0
579;9.159821;1.5724223;4604;0
580;-8.865809;1.6580197;21803;1
581;11.191721000000001;1.9474909;21121;0
582;11.7707;3.3104617999999997;13585;0
583;12.784872;2.3844504;4593;0
584;-5.3033714000000005;-0.121619485;21919;1
585;13.342784;1.9531512999999998;24156;0
586;11.264387;4.061422;38966;0
587;18.678219;-10.692817999999999;20539;2
588;-5.2232676;-0.10510258;39431;1
589;9.975852;12.812675;19516;0
590;4.599808;-12.819832;20255;2
591;4.007396;-12.640369999999999;20240;2
592;11.956486;2.4665573;26778;0
593;12.455486;2.4073474;20200;0
594;10.431057000000001;-0.24177952;20555;0
595;4.6024866;-12.819773;3109;2
596;12.010999;5.0042295;16879;0
597;11.2386875;4.0406733;30025;0
598;10.444181;-0.21574207;20551;0
599;-14.688293;4.2933803;39049;1
600;11.035948;3.8038947999999997;4948;0
601;22.84317;-4.800433;24226;0
602;-10.335859;5.313383;21810;1
603;11.403948;3.42339;20259;0
604;13.7768345;1.3710917999999999;3122;0
605;9.331522;4.235526999999999;2362;0
606;18.563282;-10.59167;37239;2
607;14.551495999999998;-13.328527;21412;2
608;-10.970917;2.8421333;39276;1
609;10.307038;2.853923;8502;0
610;10.227708999999999;14.422498999999998;2357;0
611;9.312957;1.5666661;20764;0
612;13.413573999999999;4.071378;21223;0
613;10.434244;0.3342541;2433;0
614;9.803021000000001;0.63433784;2465;0
615;13.783816;-5.9256972999999995;19481;2
616;11.577048;4.913148400000001;20530;0
617;13.413338000000001;4.072113;5586;0
618;-14.689081;4.284332;39273;1
619;-10.653446;2.9568846;21825;1
620;13.410070000000001;1.847176;17197;0
621;2.2552779999999997;-12.378645;11027;2
622;11.66585;2.9102419999999998;6436;0
623;4.621983999999999;-12.823644;3100;2
624;11.364237;4.1416755;27426;0
625;4.6473403;-12.831223;20374;2
626;3.5856032;-12.637025999999999;17184;2
627;14.479431;-13.2612095;6420;2
628;16.063862;4.4363813;12300;0
629;9.32996;1.6283457000000001;4598;0
630;-10.275503;5.2660255;38444;1
631;17.499706;-1.3551038999999998;7613;0
632;13.671982;-9.663781;27732;2
633;-10.516073;2.9275377000000002;38653;1
634;-5.209487;-0.097148195;21874;1
635;-10.971336;2.8442209;39972;1
636;11.744249;-1.2560436000000001;8450;0
637;11.584738;4.927596599999999;20635;0
638;-10.966356;2.8514283;39043;1
639;11.399102000000001;4.0257629999999995;3144;0
640;0.9781744000000001;1.2098768;2280;0
641;-3.8160381;-0.5688033;21867;1
642;12.671097;-9.059952000000001;41561;2
643;1.8213053;-12.335180000000001;5622;2
644;-5.2141967000000005;-0.09159819;39329;1
645;11.028842;3.7980251000000003;4943;0
646;11.404333;3.416907;20231;0
647;18.578672;-10.586926;20525;2
648;12.833919;-8.281655;19509;2
649;-10.380945;5.409935;39015;1
650;12.145325;0.85755223;8257;0
651;-2.9666607000000003;-0.20607240000000002;19928;1
652;11.32933;0.13891158;14303;0
653;9.834921000000001;0.6274177;2567;0
654;13.78345;1.3720181;21241;0
655;11.0576935;18.953433999999998;18618;0
656;-10.228986;5.204816;21832;1
657;4.5054164000000005;-12.836832000000001;20391;2
658;13.230554999999999;-4.414576;41010;0
659;11.358217;0.096501805;14298;0
660;10.990865;3.9165794999999997;29062;0
661;14.462242000000002;2.9203987000000002;21912;0
662;13.663567;3.6680336000000002;40456;0
663;-10.321589999999999;1.9016831000000003;38436;1
664;10.901365;18.444935;18573;0
665;11.017653999999999;18.959787;18605;0
666;13.367778;1.9715369999999999;10040;0
667;22.763819;-4.7433309999999995;27417;0
668;-10.460919;1.8236816000000002;39018;1
669;11.886431;3.8873875;39787;0
670;-14.687017;4.2755995;38682;1
671;-9.209675;2.7778194;38755;1
672;10.650689;0.0045553567;8249;0
673;9.336827;1.5660597;20784;0
674;11.1951275;1.2701025;26673;0
675;-10.3173065;5.305114;39081;1
676;12.202002;6.293086;20918;0
677;-10.395964;5.427755;39014;1
678;12.180404;6.318772;20913;0
679;4.6560793;-12.827986;30050;2
680;11.353436;0.0982952;7658;0
681;3.4857445;-12.658936500000001;16506;2
682;11.490607;3.4136790999999995;8209;0
683;-5.750247;8.967239999999999;33195;1
684;-19.77404;-0.7016236;21849;1
685;-7.7127;5.5395335999999995;20017;1
686;14.150106;3.0930645;19925;0
687;12.755125;0.9191934000000002;2020;0
688;-19.363384;-0.6521326999999999;33188;1
689;-9.298567;1.602075;38747;1
690;13.136075;2.3880958999999997;8490;0
691;10.582756;4.4192038;27449;0
692;10.992341999999999;3.9051254;29071;0
693;11.027637;1.6275008999999998;13629;0
694;10.988692;3.9086418;6437;0
695;11.284563;3.4004879999999997;6445;0
696;10.166959;0.65050906;2428;0
697;13.364498999999999;-5.054368;2006;2
698;-10.455717;1.8231798;19907;1
699;-9.59646;1.9477001;19923;1
700;-2.9651852;-0.20348945;39792;1
701;11.363964999999999;4.139516;27445;0
702;6.452507;2.7153544;2059;0
703;12.779217;2.380411;20771;0
704;-8.34994;3.839149;38414;1
705;-14.186221;6.3791523;33225;1
706;11.621441;0.58137816;20572;0
707;10.116056;1.7226931;24231;0
708;11.719316000000001;2.9814342999999996;8072;0
709;11.774913;3.3530953;21147;0
710;10.3880415;-0.096174836;30083;0
711;16.418160999999998;3.7588093000000002;20991;0
712;0.94391984;1.1684368;2074;0
713;6.199072;-8.254333;37432;2
714;12.593418;0.09071372;3454;0
715;11.659334;2.8928580000000004;8078;0
716;13.481936;1.8416822;30061;0
717;12.271042;4.7234644999999995;39794;0
718;11.391314999999999;3.4095864000000002;20234;0
719;10.382742;-0.10086775;11153;0
720;10.445509;0.29532270000000005;2430;0
721;11.275068;3.4067839999999996;26678;0
722;9.071975;-2.0612828999999997;8049;0
723;12.610634;0.09949627;1796;0
724;-8.355789;3.8427627;38413;1
725;6.446415;2.7133641;2061;0
726;11.623148;0.6180555999999999;26670;0
727;-14.549157999999998;4.283265;38783;1
728;12.451002;2.4319692;20270;0
729;1.8719803;-12.341331;21358;2
730;13.255427;1.8661541000000001;17175;0
731;10.420012;0.34162962;2375;0
732;-14.639667000000001;4.2840834;38882;1
733;14.147673000000001;3.1008098;39798;0
734;12.028827;5.0089545;16874;0
735;-6.2801204;-0.3738444;19908;1
736;13.318042000000002;1.9219955000000002;10037;0
737;-14.696667999999999;4.281329599999999;39152;1
738;13.409208;4.070519;10910;0
739;-10.995362;2.8271517999999998;17284;1
740;11.472956;3.4456935;20228;0
741;10.441263000000001;-0.21321264;39448;0
742;11.487661;3.4104523999999996;40785;0
743;-7.718124400000001;5.542945400000001;38387;1
744;-5.2177242999999995;-0.098301254;30789;1
745;-14.625704999999998;4.2912717;30783;1
746;13.308785999999998;1.9191890999999999;6006;0
747;14.295804;3.0281415000000003;21892;0
748;10.64794;-0.0015368223;8244;0
749;12.929636;2.0324063000000003;5908;0
750;2.64893;-12.433182;21372;2
751;-3.8834357;-0.46318245;39899;1
752;11.616095;0.51933193;4588;0
753;12.816595;-8.296315;41690;2
754;-20.063366000000002;-0.7462368;21823;1
755;13.776807000000002;-5.9498873;19496;2
756;12.2472;4.7193227;24746;0
757;3.5128052000000003;-12.643618;17177;2
758;-10.992955;2.8332856;38765;1
759;12.468714;0.06240659;1741;0
760;14.458905;2.9193113;39302;0
761;12.080103;-14.523264999999999;20408;2
762;5.9999547;1.2735216999999999;37241;0
763;13.2764;1.2383276;10879;0
764;13.461853;1.8472328000000002;4571;0
765;10.323871;0.45918402;2568;0
766;-3.8890991;-0.46194082;39889;1
767;-6.2819123;-0.36758178;38452;1
768;14.558114999999999;1.405405;8027;0
769;10.540247;1.0328802;33101;0
770;-9.30388;1.602719;38626;1
771;-5.219177200000001;-0.097100355;30787;1
772;-5.2281885;-0.113038555;21893;1
773;9.159182000000001;1.5851754999999998;4606;0
774;0.585214;0.9314394;2286;0
775;-19.86616;-0.70616835;39174;1
776;-19.904927999999998;-0.7201807;38876;1
777;-10.533854;2.9339180000000002;39284;1
778;-14.693359;4.285956;38912;1
779;11.634943;0.55010116;20751;0
780;10.169727;0.64978737;2376;0
781;-5.7451887;8.962306;39676;1
782;11.351293;3.3162617999999995;26769;0
783;16.066948;4.4405019999999995;21048;0
784;9.851821000000001;0.5408331000000001;5605;0
785;-19.436735000000002;-0.6630834;39195;1
786;1.0473799000000001;1.4389284;5590;0
787;13.784429999999999;-5.925821;19486;2
788;11.069002000000001;18.962015;18613;0
789;10.181906;15.528366;32436;0
790;-10.4564905;1.8175096999999998;21925;1
791;6.448432;2.7164478;2056;0
792;11.398382000000002;4.021579;13536;0
793;13.225182;1.8418544999999997;16893;0
794;22.813751;-4.777898;27408;0
795;9.080226;-2.0613816000000003;8054;0
796;10.987213;3.9113812000000006;8087;0
797;16.642176;-1.4041078000000002;21900;0
798;12.136875999999999;0.84808475;10878;0
799;10.124288;1.7237107;27403;0
800;-10.662322;2.9718362999999997;39160;1
801;12.459734;2.406344;20189;0
802;1.8048179;-12.346534;5618;2
803;11.026782;3.800677;30137;0
804;14.587366000000001;-12.670538;21097;2
805;12.136932;0.8459360999999999;1748;0
806;1.8702029999999998;-12.328615;5625;2
807;-10.349192;1.8955944;39187;1
808;13.412035000000001;1.8499935;11148;0
809;12.582889999999999;0.095283076;1788;0
810;-7.717295;5.537520400000001;21800;1
811;11.9156475;2.508526;26718;0
812;12.474103999999999;2.7230432;41009;0
813;11.885876;3.8897068999999997;17251;0
814;-14.413394;4.2502203000000005;21860;1
815;13.222883;1.8432791000000002;16901;0
816;11.642069000000001;2.868459;8067;0
817;12.138789;0.8483902;10877;0
818;22.847706;-4.809821599999999;27382;0
819;12.082467999999999;-14.523756;20411;2
820;11.372994;4.0570254;26756;0
821;12.750146;0.92226326;2028;0
822;4.5074916;-12.83698;4585;2
823;11.259959;4.0656776;24335;0
824;13.189784;-4.411940599999999;19542;0
825;-2.9627976;-0.20947659;38127;1
826;11.722918;2.9896297;8076;0
827;0.96917456;1.1779412;2302;0
828;13.460291;1.4010295;20183;0
829;-10.4582615;1.8183254;21851;1
830;4.658793;-12.82755;20368;2
831;-10.289896;1.9242516;21843;1
832;-10.978247;2.8433878;21854;1
833;11.293389999999999;0.17841983;15482;0
834;-14.486856;4.2816753;38611;1
835;13.650528;-8.631026;19521;2
836;13.78113;1.3737888;21237;0
837;-10.32504;1.9101574000000001;39182;1
838;11.579391000000001;4.924924;20327;0
839;10.575751;1.0172489;27076;0
840;13.191167000000002;-4.4165425;19537;0
841;-10.261847;5.236661;38770;1
842;11.096038;18.792162;41686;0
843;13.223192999999998;1.8450564999999999;16889;0
844;-5.804187000000001;2.0476725;39169;1
845;12.585061999999999;0.102794886;1829;0
846;13.646078;3.6861272000000005;33208;0
847;13.412976;4.086561;8024;0
848;10.378658999999999;0.4225692;2371;0
849;11.738281;-1.25722;29042;0
850;11.619531;0.53477585;4589;0
851;10.963078999999999;3.0599828;26754;0
852;-10.560006;2.9302864;39677;1
853;11.267114;4.0638576;38968;0
854;-19.614655;-0.67778254;38680;1
855;13.394124;1.848788;21106;0
856;4.5038934;-12.835719000000001;20382;2
857;17.505160999999998;-1.3523133;5911;0
858;-14.488249;4.290521;38829;1
859;11.907035;2.4990468;24546;0
860;10.344971000000001;2.8615048;5397;0
861;16.6647;-1.4196879999999998;39315;0
862;11.656079;2.8965192;8081;0
863;12.506266;0.07620261;32678;0
864;11.766202999999999;3.3045917;27153;0
865;11.658158;2.894202;6432;0
866;10.178301;15.528654000000001;40769;0
867;3.4941894999999996;-12.652264;11785;2
868;11.683739;2.9284407999999997;8084;0
869;11.965910000000001;2.4604397000000002;26777;0
870;-10.225057000000001;5.198987000000001;38889;1
871;12.284696;4.0260463;20334;0
872;11.623443;0.54317313;20580;0
873;12.309471;4.730015799999999;39308;0
874;-14.173378;6.3837805;33197;1
875;14.58964;-12.678149000000001;21426;2
876;11.890886;3.8816962;39314;0
877;3.5105242999999997;-12.656584;17170;2
878;10.109732000000001;0.6789719;2367;0
879;11.7641735;3.3489400000000002;3153;0
880;10.481192;-0.25246653;20547;0
881;12.030147;5.0106544;16860;0
882;9.840919;0.6135295999999999;2366;0
883;11.025025;18.95645;18609;0
884;13.110636999999999;2.4021661;8472;0
885;11.057045;18.958275;18612;0
886;10.17783;0.6387046;5600;0
887;-20.062824;-0.74755365;21858;1
888;-10.515944000000001;2.9365382;21889;1
889;12.488371;2.7200922999999997;41013;0
890;-14.677626;4.266916999999999;33217;1
891;-9.215788;2.7744555;38756;1
892;-14.179182;6.386174700000001;39286;1
893;11.627302;0.5555368;20577;0
894;2.3373063;-12.388572;21419;2
895;18.606825;-10.595415;20529;2
896;11.635721;0.54561794;11053;0
897;12.92959;2.0411358;20707;0
898;11.921846;2.49554;26717;0
899;10.175505000000001;15.53021;32464;0
900;-20.054081;-0.74133193;21915;1
901;13.5000305;1.8430046000000002;20398;0
902;11.768133;3.3138995;3148;0
903;-19.393755;-0.6623106;33182;1
904;11.5772915;4.895421;20330;0
905;13.457945;1.4084163;20103;0
906;-8.349322;3.841371;20021;1
907;0.94125366;1.16316;2305;0
908;-6.2856207;-0.37329283;38448;1
909;-10.406376;1.8507619999999998;21906;1
910;10.964994;3.0615227000000003;27156;0
911;11.768621000000001;3.3551425999999998;13539;0
912;22.786737;-4.752464;27422;0
913;-10.173635;5.2287006;33209;1
914;9.291958000000001;4.2516947;33681;0
915;-6.2828865;-0.3737321;38450;1
916;11.627185;0.59146506;20573;0
917;6.2054944;-8.2539835;11092;2
918;14.556523;1.4011886;6428;0
919;14.305101;3.0209286;39444;0
920;13.124494;2.399793;8488;0
921;0.6139498999999999;0.95398635;2303;0
922;11.639189;2.862836;8068;0
923;13.642999999999999;3.6506336000000004;20025;0
924;11.47218;3.4429917000000003;20237;0
925;14.560785999999998;1.4008343;6429;0
926;13.115286;2.3984012999999997;8484;0
927;11.616652;0.6377044;27149;0
928;13.775965;-5.9249673;19485;2
929;12.186103999999998;2.1129415000000003;30811;0
930;11.744019999999999;-1.2482862;8440;0
931;12.096822;5.626016;20284;0
932;11.653035000000001;0.5429845999999999;27157;0
933;0.94502383;1.1754601999999998;2308;0
934;12.455942;2.435388;20196;0
935;14.587323999999999;-12.68041;5638;2
936;13.381283999999999;1.8499332999999998;21103;0
937;14.297374;3.0272493;39810;0
938;12.990881;2.1520092;15479;0
939;18.600927;-10.596658999999999;20540;2
940;11.346195;3.3157047999999993;26763;0
941;13.111006;2.4032366;8475;0
942;-10.446806;1.8287209999999998;21835;1
943;-8.869246;1.6505028999999998;38406;1
944;-10.298942;5.280887;38696;1
945;12.18801;2.0978272000000002;30825;0
946;10.202402000000001;0.6309076;2389;0
947;10.231996;14.427620000000001;10567;0
948;0.9547888000000001;1.1773143999999998;2096;0
949;14.531525;-13.313444;6415;2
950;11.624003;0.58909714;20569;0
951;-14.420013;4.2598767;38803;1
952;-9.307907;1.6065690000000001;19916;1
953;13.990153;6.9049024999999995;8042;0
954;14.197320999999999;3.0785367000000003;39797;0
955;10.073758;17.562956;8545;0
956;10.309536;2.8582284;8515;0
957;14.435228;2.9495013;39537;0
958;10.812735;3.6293742999999994;7511;0
959;-5.827046;2.0263915;16654;1
960;10.2412815;14.438972;2324;0
961;11.003492;-0.44509992;24235;0
962;6.4477614999999995;2.7197942999999998;2047;0
963;13.413426999999999;4.069793700000001;29103;0
964;-8.867834;1.6510766;39922;1
965;11.290632;0.17965582;14302;0
966;16.637981;-1.397809;39770;0
967;12.819704;-8.252661999999999;19518;2
968;22.778889000000003;-4.744947;27413;0
969;-5.229674299999999;-0.10139930000000001;39332;1
970;13.779114000000002;-5.929576;19487;2
971;11.475850999999999;3.4405714999999994;20227;0
972;4.509865799999999;-12.820122;30055;2
973;10.57404;1.021998;3145;0
974;12.182375;6.321064;20084;0
975;11.221439;3.483305;26683;0
976;11.64971;0.5695441;27086;0
977;13.774939000000002;-5.9441004;19490;2
978;-10.271475;5.2741050000000005;30781;1
979;-14.643935999999998;4.2897334;38913;1
980;10.126163499999999;0.6599351;5599;0
981;13.225095999999999;-4.425608;41015;0
982;-14.173935;6.3734044999999995;33221;1
983;11.347894;3.4127152;20262;0
984;12.744027;0.9183537;2025;0
985;18.682655;-10.702349;20516;2
986;9.824636;17.313973999999998;21263;0
987;-3.8840337;-0.46305656;39900;1
988;11.687696;0.5448244000000001;20762;0
989;-10.3386;5.313217;21822;1
990;9.151603999999999;1.5749313999999999;4605;0
991;16.414007;3.7685654000000004;20526;0
992;-10.476053;1.8147958999999998;39668;1
993;10.963764;3.0612974;10914;0
994;13.490715;1.3794334;20952;0
995;12.187952000000001;2.1071827;30812;0
996;11.374903;18.979354999999998;5896;0
997;12.279032;4.0362824999999996;20335;0
998;12.274759;4.0345273;14292;0
999;12.668835000000001;-9.066874499999999;41556;2
1000;-4.920637999999999;3.4077370000000005;38423;1
1001;11.620298;0.63076675;6442;0
1002;1.042426;1.4415433000000002;2299;0
1003;16.059807;4.4313364;13606;0
1004;18.684573999999998;-10.70915;20507;2
1005;3.5196471;-12.650126;11075;2
1006;14.350864999999999;2.9976866;39806;0
1007;10.112542999999999;1.7244842;27443;0
1008;11.6248045;0.5274128;20756;0
1009;2.5018368;-12.399467;21354;2
1010;-10.649969;2.9607067000000002;40011;1
1011;14.424004;2.9546752;39430;0
1012;13.778073000000001;-5.9283867;19482;2
1013;16.0692;4.43481;20332;0
1014;-4.923519000000001;3.4072422999999996;38426;1
1015;10.540424;1.0245278;11031;0
1016;11.097611;18.79066;41683;0
1017;12.673944;-9.062259;41028;2
1018;13.3618145;1.8351452000000001;20098;0
1019;12.083029;-14.524679;20407;2
1020;11.453885000000001;3.4282746;20210;0
1021;3.6595337;-12.616648;4575;2
1022;12.269673;4.0377502;6291;0
1023;12.838372999999999;-8.283756;19502;2
1024;9.46626;1.6229805;37612;0
1025;-10.969437;2.847343;21466;1
1026;-3.889035;-0.46147195;39892;1
1027;-5.8733535;1.9939436000000001;14235;1
1028;10.076199;17.563779999999998;8540;0
1029;13.189051000000001;-4.4184294;19563;0
1030;0.9340619000000001;1.1679751;2268;0
1031;13.68777;3.6876206;30820;0
1032;12.20177;0.91760653;7358;0
1033;10.421859;0.359053;2442;0
1034;13.996042000000001;6.911614999999999;8033;0
1035;13.194605;-4.4215093;19567;0
1036;12.185455000000001;6.3265047;21074;0
1037;-14.491641;4.282611;38850;1
1038;3.9413714;-12.645776;20232;2
1039;0.97496194;1.2084354;2283;0
1040;10.476796;-0.24147089;20542;0
1041;13.225075;1.8486773999999997;16886;0
1042;-20.02685;-0.73313177;38860;1
1043;12.181476;6.3222135999999995;20091;0
1044;-5.218495;-0.09669049;21868;1
1045;11.96148;2.4642165;26781;0
1046;11.623303;0.60772246;26762;0
1047;10.141283999999999;0.6620012;5609;0
1048;9.805826;0.6335666999999999;2404;0
1049;10.304219999999999;2.8532581;41677;0
1050;12.193956;2.105986;30816;0
1051;6.445339;2.716223;2050;0
1052;12.276961;4.0357413;6288;0
1053;14.588632999999998;-12.677647;26664;2
1054;12.601477000000001;0.0923913;1790;0
1055;10.989162;3.9137352;29070;0
1056;10.457706;0.28412938;2561;0
1057;10.921446000000001;3.0718617000000004;6452;0
1058;9.5969305;1.656826;4652;0
1059;11.673755;0.53048325;39450;0
1060;-19.36201;-0.6558735;33224;1
1061;-14.42058;4.258376;21836;1
1062;-14.424291;4.254585;21809;1
1063;10.427425999999999;-0.2521986;20559;0
1064;10.348169;0.44981685;2407;0
1065;-10.293442;1.9297802;39294;1
1066;11.266378;4.0655813;38975;0
1067;-5.751014;8.971069;21830;1
1068;12.143224;0.84752196;19568;0
1069;13.227072;1.8419998;16892;0
1070;11.612224000000001;0.50538254;20586;0
1071;0.6032771;0.9465520000000001;2110;0
1072;10.651142;0.0009530902;8247;0
1073;13.6499815;-8.623225999999999;19524;2
1074;11.295385000000001;0.17629549;15483;0
1075;9.9753475;12.813089;19511;0
1076;-17.426966;5.673868700000001;8158;1
1077;1.7769220000000001;-12.3443775;21377;2
1078;1.8230747;-12.338414;21363;2
1079;12.832258;-8.273258;19506;2
1080;10.387674;-0.103108004;6293;0
1081;9.976488;12.812762;19515;0
1082;12.81185;-8.289172;40824;2
1083;22.851710999999998;-4.8046985;27438;0
1084;2.698328;-12.433541;21380;2
1085;-5.2083235;-0.09861158;33226;1
1086;-10.982939;2.8452325000000003;38724;1
1087;-19.430752;-0.6632223;38915;1
1088;11.887916;3.8915572;39851;0
1089;10.431196;-0.25023985;11085;0
1090;22.780827;-4.749395;27423;0
1091;10.178388;15.530826000000001;32665;0
1092;11.189471000000001;1.9440743999999999;17165;0
1093;12.591917;2.5532807999999996;40829;0
1094;16.525265;-1.3160032;39805;0
1095;1.9128945;-12.33713;21421;2
1096;-10.653356;2.9596622000000004;38473;1
1097;10.185389500000001;15.524973000000001;32459;0
1098;-10.341728999999999;5.3165827000000005;38892;1
1099;11.653372000000001;2.8899236;8063;0
1100;22.815502;-4.7848396;27414;0
1101;10.129941;0.6675548000000001;2386;0
1102;13.285913;1.9695653999999998;7614;0
1103;11.43442;3.4200133999999998;20218;0
1104;11.76753;3.347692;3150;0
1105;13.366307;-5.0516195;1998;2
1106;-9.213556;2.776709;38911;1
1107;-14.620567000000001;4.2730794;38904;1
1108;10.179911;15.522177;32455;0
1109;9.334787;1.5986788;20781;0
1110;10.116441;1.7141336;24232;0
1111;14.477504000000001;-13.267134;11018;2
1112;10.968296;3.0558330000000002;11019;0
1113;10.989201;3.9121292000000003;29057;0
1114;-7.7185044000000005;5.5413074;21806;1
1115;12.243982;4.7207336;21922;0
1116;14.306307;3.0240092;21844;0
1117;11.029121;3.7982178;4561;0
1118;2.639504;-12.429758;5621;2
1119;3.7851295;-12.632384;17202;2
1120;13.954051000000002;-4.7048445;41695;0
1121;13.67706;-9.666038;27728;2
1122;11.580873500000001;4.903796;20984;0
1123;2.6642650000000003;-12.430434;6412;2
1124;14.498251000000002;-13.285823;7175;2
1125;-10.553835000000001;2.9351412999999997;19910;1
1126;9.975245;12.811633;19512;0
1127;11.689569;0.54510516;20765;0
1128;-14.628427499999999;4.2815757;33204;1
1129;11.374597999999999;18.979336;5900;0
1130;14.589220999999998;-12.678597;10919;2
1131;16.661598;-1.4025745;39370;0
1132;14.540326;-13.314644;10915;2
1133;10.2334;14.433815;2352;0
1134;14.312592;3.0197830000000003;39335;0
1135;-5.8356066;2.0241491999999996;39165;1
1136;13.490046;1.3885039;20953;0
1137;-19.835684;-0.70897406;21853;1
1138;2.4951034;-12.396336999999999;21385;2
1139;-10.559927;2.9363222;39691;1
1140;13.316211;1.9201577;5907;0
1141;18.650532000000002;-10.664444999999999;20531;2
1142;12.926596;2.037958;20708;0
1143;10.942114;-0.68140405;15486;0
1144;-10.974911;2.848312;39089;1
1145;-5.7438407;8.9626665;33192;1
1146;6.233245;-8.282036;11080;2
1147;-10.347582000000001;1.8920043999999998;21887;1
1148;-10.507306;2.9256903999999997;39006;1
1149;13.276376999999998;1.2372043;8496;0
1150;-5.8716097000000005;1.9969683;14267;1
1151;17.505157;-1.3565555;5912;0
1152;16.063856;4.436953;20993;0
1153;11.022066;1.6306003;17233;0
1154;14.559507;1.4029334;1312;0
1155;14.355573000000001;2.9886749;39490;0
1156;11.769696000000001;3.3205667;21148;0
1157;13.630091;3.6711946;30808;0
1158;10.354442;2.863312;26329;0
1159;12.590136;0.09421754;1792;0
1160;13.366017000000001;1.8320786;20119;0
1161;10.574182;1.0152575000000001;13538;0
1162;-5.220664;-0.09467077;33227;1
1163;-19.84599;-0.6997922;8156;1
1164;-10.659577;2.9741037;38726;1
1165;4.5065565;-12.835617;21166;2
1166;11.585369;4.9389199999999995;20659;0
1167;11.738187;-1.2423483;8444;0
1168;10.231896;14.429044000000001;3440;0
1169;9.340272;1.572066;20787;0
1170;-19.841568;-0.70622385;38454;1
1171;13.108647;2.404503;8434;0
1172;10.925348;3.072133;26761;0
1173;14.415875;-0.7564301999999999;20963;0
1174;11.376758;4.0607476;3163;0
1175;-20.061138;-0.7441088;33190;1
1176;12.272182;4.0376396;20286;0
1177;13.678820000000002;-9.668223;27715;2
1178;4.502190000000001;-12.842058999999999;11076;2
1179;3.6372936;-12.637757;17194;2
1180;-14.488462;4.2797565;38683;1
1181;10.944693;-0.68000734;14255;0
1182;-6.276567;-0.40196538;19906;1
1183;12.605899;0.09236429;1784;0
1184;-9.208801;2.7785349999999998;21870;1
1185;13.340036999999999;1.936682;39229;0
1186;12.037808;5.0006814;13591;0
1187;-2.963412;-0.20442891;19922;1
1188;13.990728;6.9039725999999995;8041;0
1189;4.657522;-12.832098;30052;2
1190;10.332413;0.45330897;2457;0
1191;0.95872414;1.1831247999999999;2281;0
1192;18.686409;-10.70357;20517;2
1193;12.196429;0.91789806;18778;0
1194;9.97578;12.812772;19513;0
1195;11.690806;2.941484;8071;0
1196;-14.173635500000001;6.3796062000000004;38757;1
1197;11.6894655;0.5424248;28412;0
1198;11.219847;3.4878093999999997;11032;0
1199;11.764605;3.3137565;13540;0
1200;12.455079;2.3970493999999998;20256;0
1201;14.424170000000002;2.9496984;39766;0
1202;12.282698;4.0364523000000005;6290;0
1203;9.3231;1.6269372;20776;0
1204;10.810314;3.6231815999999997;7506;0
1205;-10.296846;5.2724543;38771;1
1206;13.46357;1.8480134999999998;20212;0
1207;12.177752499999999;2.1232107000000005;8032;0
1208;-7.7189380000000005;5.548611599999999;21805;1
1209;10.981738;3.8966632000000003;27383;0
1210;10.952136;3.0599618;27109;0
1211;13.459755;1.4070073;13622;0
1212;10.223497;14.423917999999999;2354;0
1213;13.664476;3.6727676;40455;0
1214;-2.9635252999999997;-0.20546949;19924;1
1215;3.499839;-12.645615;39597;2
1216;12.448008;2.4173098;20919;0
1217;10.115939;1.7229073000000001;38815;0
1218;10.381548;0.41733035;2374;0
1219;9.318541;1.6269143;37546;0
1220;11.626049;0.5121532;20584;0
1221;10.075159;17.564932000000002;8546;0
1222;-5.7493453;8.962646000000001;38779;1
1223;-9.308003;1.5818378;17485;1
1224;11.449345;3.4235413;20226;0
1225;11.726521;2.989609;8062;0
1226;12.78257;2.3857212000000003;4592;0
1227;13.781533999999999;1.3654087;21240;0
1228;11.580739999999999;4.9374866;20983;0
1229;11.367575;4.1391273;27460;0
1230;10.540855;1.0282329;11020;0
1231;13.363681;1.8319801;20097;0
1232;13.775737;-5.929105799999999;19493;2
1233;12.786211;2.380785;21153;0
1234;11.375521;18.980753;24579;0
1235;-9.211369;2.77737;38627;1
1236;12.835991;-8.279183;19500;2
1237;-9.212908;2.7789783;38700;1
1238;11.719064999999999;2.9817996;8077;0
1239;-3.8767326;-0.46741563;21841;1
1240;11.619891;0.5807733;4587;0
1241;-5.213821;-0.09885408;39333;1
1242;11.765581;3.3135807999999995;13543;0
1243;12.201159;0.9177375;7229;0
1244;11.2383;4.0350175;30024;0
1245;-14.691897;4.2826304;21470;1
1246;-20.064854;-0.7441270999999999;21845;1
1247;-5.7513285000000005;8.965749;38735;1
1248;11.419369999999999;3.4165382000000006;20206;0
1249;2.6448739;-12.432405000000001;21371;2
1250;10.114587;1.7212817999999999;27440;0
1251;11.492702;3.4112434;8210;0
1252;11.271175999999999;4.0649023;30028;0
1253;-10.970011;2.8502147;39019;1
1254;12.458522;2.420454;20287;0
1255;11.362966;4.142779;27444;0
1256;14.415830999999999;-0.75500757;20937;0
1257;-10.315886;5.2951646;21831;1
1258;11.603966;0.68762153;26747;0
1259;10.647809;0.001772207;3680;0
1260;11.687377;0.54715127;20763;0
1261;-5.823365;2.0324013;15474;1
1262;12.934001;2.0399048;17185;0
1263;-2.9605932;-0.20654611;19915;1
1264;10.647629;0.013173063999999998;8245;0
1265;10.414342;0.366458;2368;0
1266;10.896878;18.444779999999998;18572;0
1267;4.503113;-12.820578;20371;2
1268;22.785866;-4.7606807;27405;0
1269;13.278688;1.2380718000000002;8495;0
1270;12.081562;-14.523416500000002;20410;2
1271;-5.219978299999999;-0.10047817;39811;1
1272;13.366206;-5.0517626;2005;2
1273;-6.2870617;-0.3749066;38451;1
1274;-10.398031;5.4196800000000005;38692;1
1275;13.777071;-5.9282947;19494;2
1276;0.65101606;1.7201092;2276;0
1277;10.178512;15.526825;32437;0
1278;13.769020000000001;-5.948500599999999;19495;2
1279;-5.81595;2.0306423;38438;1
1280;-5.216058;-0.09901881;21918;1
1281;11.367460000000001;4.059711;26669;0
1282;9.826927;17.308691;3535;0
1283;10.988968;3.9001910000000004;8092;0
1284;11.683053999999998;0.5410576;15771;0
1285;10.426892;-0.24778716;4600;0
1286;10.233264;14.417132;14093;0
1287;-14.421323999999998;4.256421;39011;1
1288;-9.313798;1.5902277;38775;1
1289;12.277822;4.033599;6287;0
1290;14.554870999999999;1.4058936000000002;3434;0
1291;2.6722856;-12.428389;21379;2
1292;-9.601408000000001;1.9454387;38785;1
1293;11.356743;0.107296035;15489;0
1294;-7.7134323;5.540393;38386;1
1295;13.341373999999998;1.9495106;39225;0
1296;11.309523;3.3554397000000002;26753;0
1297;13.38824;1.8492253;21098;0
1298;4.4924946;-12.8250065;30049;2
1299;3.9369883999999997;-12.64984;17205;2
1300;-9.303372999999999;1.6018729999999999;39675;1
1301;12.953421;1.596535;6448;0
1302;13.459921;1.4028388;20186;0
1303;10.113278999999999;1.7219081999999999;27457;0
1304;10.8968525;18.446163000000002;18569;0
1305;-5.223299;-0.09963599599999999;33237;1
1306;-7.7136016000000005;5.540878;38402;1
1307;11.308195;4.0664773;21930;0
1308;14.554429999999998;-13.337125;10916;2
1309;9.34199;1.5595405;20783;0
1310;9.176138;0.24935038;39240;0
1311;12.74545;0.9182353000000001;2014;0
1312;10.5759535;1.0152168;13584;0
1313;-10.527426;2.9345317000000004;21859;1
1314;4.596345400000001;-12.8170185;20253;2
1315;11.964828500000001;2.4664197;26788;0
1316;10.185057;15.527376;32446;0
1317;-10.981119999999999;2.8486;21927;1
1318;-6.279262;-0.40106162;38446;1
1319;17.507607999999998;-1.350003;5904;0
1320;10.116869;1.7262933;27397;0
1321;11.266850999999999;4.061788;38967;0
1322;16.535564;-1.3198231000000002;39299;0
1323;9.846177;0.6140642;2490;0
1324;10.308221000000001;2.85117;7332;0
1325;-10.966279;2.8409991000000003;21926;1
1326;13.462979;1.4112744;20101;0
1327;3.4949582;-12.650374000000001;11858;2
1328;13.672998000000002;3.674438;30821;0
1329;11.970899000000001;2.4570724999999998;26784;0
1330;13.365153;-5.0535073;1999;2
1331;12.589176;0.09584327;1789;0
1332;5.997554;1.2786076000000002;20565;0
1333;12.469736;2.7107002999999996;41014;0
1334;-10.322947000000001;1.9038467000000001;38831;1
1335;11.002267;-0.44750994;27465;0
1336;-20.061584;-0.74243957;33196;1
1337;-10.350419;1.8923686999999998;21855;1
1338;12.270859;4.033083;15487;0
1339;11.613054;0.5304196;20753;0
1340;13.383116000000001;1.8533403999999998;21101;0
1341;12.470095;0.071688555;1316;0
1342;-9.30702;1.5968396999999999;21905;1
1343;11.770678;3.3442078;7370;0
1344;11.374410000000001;18.977133;5895;0
1345;13.372047;1.9711458999999998;10041;0
1346;6.2043099999999995;-8.257634;20401;2
1347;12.046441999999999;4.9997416;13602;0
1348;11.708624;2.9726372000000003;6431;0
1349;11.622789;0.50991267;20582;0
1350;-9.313585;1.6018558999999999;38748;1
1351;4.644049;-12.823914;3110;2
1352;-10.468128;1.8196363000000002;39654;1
1353;10.948217;-0.6806408;14290;0
1354;2.6264257;-12.423593499999999;21420;2
1355;-4.921002;3.406943;30776;1
1356;11.374834;18.978401;5899;0
1357;11.339828500000001;0.13804968;14294;0
1358;9.331371;1.6096096000000002;11054;0
1359;13.364603;1.8350707999999998;20124;0
1360;-10.339578999999999;1.9038244;19903;1
1361;3.976453;-12.649372999999999;4579;2
1362;13.673465;-8.675189999999999;6086;2
1363;12.038321;5.006349;16876;0
1364;-9.314300999999999;1.5973545;38877;1
1365;-2.9639194;-0.20642564;21894;1
1366;10.577391;1.0126296000000001;13537;0
1367;13.196429;-4.411502;19539;0
1368;14.549289000000002;-13.333679;6423;2
1369;16.631;-1.3930303999999998;39775;0
1370;12.255069;4.714398;17543;0
1371;11.040705;3.8138523;4942;0
1372;-19.83335;-0.70930576;21813;1
1373;-20.064978;-0.7422463;38675;1
1374;10.10795;0.6795906;2373;0
1375;9.474554;1.6269194;11084;0
1376;12.620311000000001;0.10469985;1831;0
1377;14.55189;-13.333339000000002;11028;2
1378;4.6564584;-12.834311;20369;2
1379;-10.178357;5.223508;39083;1
1380;14.421498999999999;2.9471574;39780;0
1381;6.444577;2.71548;2057;0
1382;-20.069122;-0.7366718000000001;38722;1
1383;11.256846000000001;4.0545480000000005;41797;0
1384;13.785212;1.3683345;5585;0
1385;12.672753;-9.065008;41560;2
1386;14.189827;3.0769662999999996;39476;0
1387;1.0432539;1.438125;5589;0
1388;13.136880999999999;2.3903213;8469;0
1389;9.328719;4.232974;5684;0
1390;10.392584;0.39600044;5610;0
1391;16.418910999999998;3.7657237;13607;0
1392;12.74245;0.91737187;2044;0
1393;-6.279575299999999;-0.3980214;19909;1
1394;14.556242000000001;-13.340082;21357;2
1395;12.464226;0.06416824;33502;0
1396;-9.207847000000001;2.7811742;33200;1
1397;13.318361;1.9165493000000002;10038;0
1398;11.642019;2.8673040000000003;8066;0
1399;13.384827;1.8478985;21081;0
1400;-10.413778;1.8487612;38796;1
1401;11.366964;4.1362915000000005;27455;0
1402;-10.982511500000001;2.8458972;38762;1
1403;10.810931;3.6213021;7512;0
1404;11.191607000000001;1.2728163000000001;26679;0
1405;11.020236;18.957535;18606;0
1406;-8.354461;3.8415055000000002;20020;1
1407;14.485514000000002;-13.266703;21362;2
1408;22.763385999999997;-4.746478;24227;0
1409;13.63611;3.6752553;30826;0
1410;13.683214999999999;-9.659467999999999;24236;2
1411;12.274096499999999;4.036245;14304;0
1412;13.651091000000001;-8.627767;19526;2
1413;11.450478;3.4254699;20269;0
1414;12.470495;2.7130303;41012;0
1415;11.291917999999999;0.1743374;14301;0
1416;12.04999;5.0047584;16857;0
1417;10.442952;-0.21916620000000003;11081;0
1418;11.717697;2.9783779999999997;8075;0
1419;10.7962885;3.6145449999999997;27452;0
1420;13.373738000000001;1.9770866999999999;10042;0
1421;11.625053999999999;0.61258584;6451;0
1422;2.6824417;-12.43239;3103;2
1423;22.837904;-4.791992700000001;27436;0
1424;12.774828999999999;2.3989978;6663;0
1425;13.372973000000002;1.9723138999999998;10043;0
1426;10.360674000000001;2.8621209;4436;0
1427;-19.841993;-0.706501;33222;1
1428;-19.826841;-0.71453935;33205;1
1429;-5.7480793;8.955919999999999;33218;1
1430;-2.9634047000000003;-0.20500977;39367;1
1431;-3.8883958;-0.46233043;17285;1
1432;18.577208;-10.577169;37433;2
1433;4.4995227;-12.816839;11150;2
1434;3.871059;-12.645677000000001;4573;2
1435;-10.649987;2.9577465;21913;1
1436;10.918602;3.073098;27152;0
1437;4.518269999999999;-12.824991;20370;2
1438;10.815924;3.628257;7491;0
1439;-10.5014925;2.9328623;38734;1
1440;0.65465605;1.7161471000000001;2285;0
1441;11.744196;-1.2394893;8437;0
1442;13.110754;2.3969727;8485;0
1443;11.360128;4.0511303;27117;0
1444;3.5194001000000004;-12.651457;17178;2
1445;3.4915814;-12.654893;17162;2
1446;13.498024;1.8505604;4586;0
1447;10.378244;0.4198936;2397;0
1448;0.94807035;1.1756951;2089;0
1449;12.029108;4.808653400000001;10907;0
1450;0.9451921999999998;1.1706983;2284;0
1451;11.639389;0.54778165;20747;0
1452;0.9828728000000001;1.213465;2270;0
1453;13.161339000000002;-4.3460803;6693;0
1454;10.4571705;0.29276183;2388;0
1455;12.036171000000001;5.0021048;21262;0
1456;-20.067107999999998;-0.74172866;38766;1
1457;-8.867453999999999;1.652455;21871;1
1458;-5.203224;-0.09743266;39445;1
1459;10.948362;-0.6808169;14291;0
1460;12.18186;2.116885;30804;0
1461;3.9597244;-12.649199000000001;20233;2
1462;13.460657000000001;1.4164736;20102;0
1463;14.5589905;-13.344933;6416;2
1464;12.451673;2.4299853;20221;0
1465;12.928125999999999;2.0361104;17180;0
1466;13.224248000000001;1.8421494999999999;21115;0
1467;14.476648999999998;-13.267835999999999;21390;2
1468;10.480436;-0.24317697;20544;0
1469;14.485514000000002;-13.266966;21411;2
1470;13.33739;1.931303;39231;0
1471;3.6281103999999997;-12.633194999999999;17193;2
1472;10.116628;0.6780227;6883;0
1473;6.232273999999999;-8.278166;4595;2
1474;-20.034595;-0.7386783;39212;1
1475;13.770309;-5.9478583;19484;2
1476;9.824327;17.31269;8498;0
1477;-6.2804556;-0.36973733;21812;1
1478;11.241121000000001;4.0379653;30023;0
1479;13.316295000000002;1.919315;10035;0
1480;0.6549842;1.7167361;2277;0
1481;-8.369316;3.8367162000000006;20023;1
1482;11.625364999999999;0.58486176;15776;0
1483;13.464004500000001;1.8417374;17198;0
1484;13.223254;1.8452224999999998;16888;0
1485;13.12706;2.3912866000000004;8489;0
1486;10.536569;1.0260731;27023;0
1487;10.352393;2.8632467;4435;0
1488;-9.208442999999999;2.7785067999999997;38717;1
1489;11.959922;2.4663023999999996;26782;0
1490;10.480872;-0.2525505;11154;0
1491;16.058401;4.441261;20532;0
1492;-10.320752;5.29948;21846;1
1493;0.59869975;0.9346539;5398;0
1494;-10.336967;5.312869999999999;21864;1
1495;-14.49821;4.2829404;33223;1
1496;10.394633;-0.0925082;30082;0
1497;16.65847;-1.4059551000000001;39411;0
1498;-8.354391;3.8446121;38411;1
1499;16.570439999999998;-1.3475277;39477;0
1500;11.620685;0.58514255;20574;0
1501;13.683004;-9.660967;27716;2
1502;9.835881;0.6205516;2573;0
1503;12.4501705;2.405737;13590;0
1504;13.183807;-4.40382;19538;0
1505;11.271774;4.064815;38972;0
1506;-10.467924;1.8210887999999998;19919;1
1507;14.542627;-13.329811;21387;2
1508;11.191751;1.2721927;26746;0
1509;4.5056124;-12.84084;20386;2
1510;10.949771;-0.682339;14288;0
1511;-10.371192;1.8773205000000002;39687;1
1512;13.363682999999998;1.8274586;20285;0
1513;2.6349754;-12.429285;5619;2
1514;12.1855755;2.11055;40451;0
1515;10.478280999999999;-0.24460459;4607;0
1516;12.954721000000001;1.6029106000000002;27108;0
1517;10.2350025;14.427945999999999;6336;0
1518;10.387839;-0.10165298;6294;0
1519;12.987397999999999;2.1526484;14281;0
1520;13.658748000000001;3.6818910000000002;38731;0
1521;-10.533812;2.9330115;39663;1
1522;-10.654728;2.9636776;38725;1
1523;10.175570500000001;0.6452608;2452;0
1524;11.711524;2.9792504;8074;0
1525;14.487348999999998;-13.267281;7292;2
1526;13.465953;1.8434473000000002;11096;0
1527;11.016287;18.958328;18610;0
1528;12.739913;0.9223002;2043;0
1529;10.230096000000001;14.417660999999999;2353;0
1530;4.398034;-12.819747999999999;11149;2
1531;12.260699;4.7218637;21875;0
1532;-9.211588;2.7800136;38744;1
1533;-9.214825999999999;2.7752692999999997;39703;1
1534;-8.869622999999999;1.6524279;38394;1
1535;2.2562597;-12.380783000000001;21418;2
1536;17.504517;-1.3530523;10911;0
1537;22.703152;-4.674025;27409;0
1538;11.054996000000001;18.950626;18611;0
1539;-14.684972;4.283203599999999;39295;1
1540;0.6524901;1.7154636000000003;2278;0
1541;5.999816;1.2782797;4613;0
1542;12.143097000000001;0.8474968;41004;0
1543;12.610023;0.09636672;1830;0
1544;-14.172495000000001;6.380091;33183;1
1545;11.222833999999999;3.4860835;26685;0
1546;1.0424759;1.4237816;2064;0
1547;9.849907;0.5447489000000001;5606;0
1548;12.178560000000001;2.1189616;6512;0
1549;-8.374450999999999;3.8279774;20019;1
1550;4.497903;-12.836283;20384;2
1551;11.242569999999999;3.4424514999999998;27150;0
1552;-14.170828;6.3815465;33184;1
1553;12.139866;0.8442558000000001;13336;0
1554;14.561388;1.3989496000000001;29066;0
1555;16.054813;4.445983999999999;21061;0
1556;13.411527;1.8486848999999999;4583;0
1557;10.119269000000001;1.7292148999999997;27384;0
1558;12.819977;-8.291167;41024;2
1559;3.5230114;-12.642443;3322;2
1560;22.807873;-4.7820487;27401;0
1561;10.141642;0.6609648;2372;0
1562;11.366933;4.060636;11163;0
1563;3.9945239999999997;11.315610000000001;8134;0
1564;11.490065;3.4140312999999995;29058;0
1565;10.447464;0.30248454;8795;0
1566;13.254098999999998;1.8657175;17171;0
1567;-10.299087;5.2762364999999996;33187;1
1568;12.625891000000001;0.10352836;3455;0
1569;12.582517999999999;0.09416859;1793;0
1570;12.187256;2.100129;30813;0
1571;11.361938;4.139962000000001;16646;0
1572;3.9515655;-12.65005;20230;2
1573;13.792979;1.361214;5584;0
1574;13.19268;-4.4091406;19569;0
1575;10.9644;3.0604644;26740;0
1576;11.309532;3.3591466;6457;0
1577;11.307955;3.3606343;6425;0
1578;13.648025500000001;-8.627747;19519;2
1579;12.660803;-9.052702;41557;2
1580;-5.870404;1.9933115000000001;14268;1
1581;12.259433;4.71485;17287;0
1582;13.651838;-8.629064;19525;2
1583;12.782516000000001;2.3823895;20145;0
1584;-8.380196;3.8292889999999997;17269;1
1585;10.944393;-0.67821664;14287;0
1586;3.7912394999999997;-12.634017;17201;2
1587;13.953510999999999;-4.701253400000001;41008;0
1588;13.389811499999999;1.8492037000000001;21100;0
1589;-19.851689999999998;-0.70181817;40447;1
1590;11.96364;2.4615492999999997;26774;0
1591;13.187319;-4.415409599999999;19566;0
1592;-19.831507000000002;-0.70806503;33201;1
1593;16.528088;-1.3146856000000002;39499;0
1594;11.769197;3.3482528;3146;0
1595;11.709261;2.9648380000000003;8061;0
1596;10.386736;-0.09628849;4566;0
1597;3.4877815;-12.652198;17164;2
1598;6.207758999999999;-8.255754;11090;2
1599;12.670113;-9.059277999999999;19202;2
1600;16.670547;-1.410693;39812;0
1601;11.366283000000001;3.4121735;20922;0
1602;9.076798;-2.0629795;8047;0
1603;11.687121000000001;0.5471543000000001;20761;0
1604;11.642273;2.8708972999999998;6430;0
1605;3.6672816;-12.630303999999999;20217;2
1606;13.489838;1.8373028999999999;4570;0
1607;11.448787;3.4289424;20236;0
1608;-20.061838;-0.73943377;38704;1
1609;-4.9201517;3.4064902999999997;38421;1
1610;4.4937963;-12.821636999999999;30051;2
1611;12.620607000000001;0.10095241;3456;0
1612;11.05472;18.954287;18608;0
1613;10.483267;-0.25140193;20543;0
1614;11.699678;2.9434294999999997;6435;0
1615;10.111852;0.6713103;2435;0
1616;12.832697;-8.293819000000001;19503;2
1617;11.625892;0.50774324;20587;0
1618;10.945099;3.7306449999999995;41793;0
1619;12.954206;1.5986559;26755;0
1620;10.540163;1.0210198;5639;0
1621;10.542783;1.0265563;5960;0
1622;12.838768;-8.284322999999999;19534;2
1623;11.654113;0.5418344;27085;0
1624;11.693236;2.9330377999999997;8083;0
1625;14.565026999999999;1.4015024;27375;0
1626;1.8775179;-12.333985;6413;2
1627;-14.673421;4.2617292;39192;1
1628;12.209331;0.9209871;7359;0
1629;4.658471;-12.825709;3323;2
1630;10.99126;3.900664;6438;0
1631;9.162713;1.5820564;20766;0
1632;12.832456;-8.279050999999999;19535;2
1633;14.262034;3.049977;39470;0
1634;10.114218;0.67236733;2427;0
1635;12.465135;0.065594;32664;0
1636;-20.060137;-0.7465477;39048;1
1637;4.5079126;-12.83961;20383;2
1638;11.380331;4.062405600000001;41829;0
1639;11.769392;3.3456629999999996;3147;0
1640;11.360501;0.100519896;14297;0
1641;13.41528;4.0789547;8022;0
1642;2.6776006000000003;-12.433645;21353;2
1643;12.825887;-8.280096;19499;2
1644;-14.175748;6.381286599999999;21827;1
1645;13.954076;-4.70294;24785;0
1646;11.643514999999999;2.8667054;7308;0
1647;13.491316000000001;1.8353313000000002;30057;0
1648;10.0784855;17.567997000000002;8543;0
1649;10.65167;0.010652837;3679;0
1650;11.263664;4.0630083;38969;0
1651;0.9662780999999999;1.1907982;2290;0
1652;11.001519;-0.44847265;24233;0
1653;11.097531;18.790545;41685;0
1654;13.276863;1.2355902;3682;0
1655;14.456197;2.92436;21921;0
1656;9.59844;1.6487226000000001;20802;0
1657;9.813242;0.6265648;2429;0
1658;10.118166;1.7289803;27399;0
1659;11.196114999999999;1.9471623;21027;0
1660;14.564978;-13.345818;21381;2
1661;9.074195;-2.0653577000000003;8053;0
1662;-14.682631;4.286111;33214;1
1663;22.84875;-4.805854;27437;0
1664;11.297232000000001;0.1720701;14300;0
1665;12.476809;2.7164052000000005;40825;0
1666;11.887794;3.8877861000000005;24745;0
1667;-10.221935;5.204606;39082;1
1668;11.612954;0.49932012;20590;0
1669;-10.978003;2.8483186000000003;21920;1
1670;9.334578500000001;1.5818642;20774;0
1671;0.60017306;0.9346601000000001;7542;0
1672;14.302582000000001;3.0164351000000003;17278;0
1673;12.953197;1.5990546;11033;0
1674;-10.280204;5.28072;30779;1
1675;-14.669051999999999;4.2864738;39164;1
1676;-19.428637;-0.66044855;38697;1
1677;13.488116;1.8431293999999998;4569;0
1678;9.075438;-2.0630417000000003;8050;0
1679;14.413943;-0.75577605;12354;0
1680;1.7847096999999998;-12.34218;5316;2
1681;22.768719;-4.746722;27415;0
1682;0.9836834000000001;1.2160027;2298;0
1683;12.215803;4.7026057;39311;0
1684;11.01937;18.961064999999998;7360;0
1685;-19.827473;-0.709623;38906;1
1686;16.530138;-1.3121816000000002;21826;0
1687;-19.843323;-0.7072523000000001;21465;1
1688;10.895819;18.445601999999997;6585;0
1689;13.414848000000001;4.070577;21222;0
1690;13.98891;6.9087777;5614;0
1691;12.778706;2.405316;13596;0
1692;9.487229;1.624325;20791;0
1693;1.0458453;1.4364138000000002;2098;0
1694;15.087778;-4.5427904;19507;0
1695;-20.053972;-0.7432501;38610;1
1696;12.186139;2.1113543999999997;30817;0
1697;13.987544;6.901839999999999;8039;0
1698;10.192803999999999;0.6326964;2402;0
1699;14.556935000000001;1.40465;8025;0
1700;10.474207;-0.24221675;20546;0
1701;10.384767;-0.09740913;11093;0
1702;11.921795;2.4993005;8819;0
1703;2.6795819;-12.433141;21384;2
1704;6.443344000000001;2.7166686;2051;0
1705;-5.225912999999999;-0.09939821;39369;1
1706;17.504955;-1.3535177;5903;0
1707;16.421062;3.7635384;20325;0
1708;12.274291;4.0298705;21433;0
1709;11.604153;0.68506503;30080;0
1710;11.574854;4.9283323;20288;0
1711;-14.459219000000001;4.2635;39078;1
1712;5.997903;1.2767208;15791;0
1713;6.23241;-8.284467;4596;2
1714;12.197599;0.91678655;7230;0
1715;12.228905000000001;6.259496700000001;20915;0
1716;-14.428122;4.2591085;39088;1
1717;-8.865162;1.6527961;38393;1
1718;11.02036;18.962477;18607;0
1719;9.175513;0.25069022;39241;0
1720;10.805521;3.628657;7509;0
1721;3.9783146;-12.647680000000001;20248;2
1722;12.193791000000001;0.9161709000000001;3123;0
1723;12.3033495;4.7310762;21917;0
1724;1.8244785;-12.337417;21417;2
1725;13.413347;1.8520477;4582;0
1726;13.784467000000001;1.3664896;11025;0
1727;12.448796000000002;2.404443;21432;0
1728;-10.180156;5.218522;38655;1
1729;-20.0547;-0.741518;39275;1
1730;11.639142999999999;2.8814206;8059;0
1731;14.4846115;-13.275154;6422;2
1732;-14.175436;6.3813295;38801;1
1733;12.987549000000001;2.1503742000000003;14282;0
1734;14.414568;-0.75559103;20957;0
1735;1.8831262999999998;-12.335439;5624;2
1736;13.461839999999999;1.4050281;20127;0
1737;12.221645;6.2621894000000005;20086;0
1738;22.770979;-4.7489123;27406;0
1739;-19.84058;-0.70420396;38476;1
1740;13.459638;1.4113015;13623;0
1741;-10.311733;5.292533000000001;38693;1
1742;11.644834;2.8773522000000002;8186;0
1743;3.9392940000000003;-12.648665;20235;2
1744;22.70177;-4.6800833;27420;0
1745;11.581613;4.8934417;20990;0
1746;4.0067887;-12.63994;20239;2
1747;10.1189785;0.66920805;2489;0
1748;12.836337;-8.28079;19505;2
1749;11.659491000000001;2.8947759;8085;0
1750;10.182453;15.526883999999999;32438;0
1751;12.177256;2.1265628;8031;0
1752;11.614216;0.50398755;20589;0
1753;13.501272;1.8447199;31547;0
1754;-10.966883000000001;2.8432329;39071;1
1755;11.358984;3.2979515;6456;0
1756;14.431694;2.9513125;39321;0
1757;6.0019827;1.2753623;20562;0
1758;-9.598502;1.9487330000000003;40285;1
1759;14.424692000000002;2.9474404;39463;0
1760;11.190052;1.2711327;26742;0
1761;14.554583;1.4003785;8026;0
1762;10.181238;15.527823999999999;32666;0
1763;3.9926114;-12.651058;20242;2
1764;11.350583;0.09710920599999999;10920;0
1765;11.613213;0.52274716;20591;0
1766;2.2654617000000004;-12.38175;21410;2
1767;3.4987053999999995;-12.652663;17172;2
1768;12.017164;5.005452;16877;0
1769;12.047656;5.000684;17153;0
1770;9.325027;1.6340752;20775;0
1771;11.352314999999999;0.10347098;14696;0
1772;1.0457845;1.4404523;2293;0
1773;0.968311;1.195473;2288;0
1774;3.4962839999999997;-12.650442;4577;2
1775;-14.663773;4.2842484;39007;1
1776;10.354417999999999;2.8659806;4437;0
1777;-9.208499;2.7772975;39987;1
1778;14.565617999999999;-13.3426285;6419;2
1779;3.5940074999999996;-12.622504;17182;2
1780;11.362538;4.1375437;27428;0
1781;18.57536;-10.583163;20537;2
1782;3.5396717000000004;-12.648756;14490;2
1783;10.995042999999999;3.9123046;29056;0
1784;14.56205;-13.346491;21370;2
1785;1.7808258999999997;-12.345944;21416;2
1786;3.6482949999999996;-12.631041;28404;2
1787;11.743113000000001;-1.2427561000000003;8443;0
1788;13.468098999999999;1.8360884999999998;20252;0
1789;13.46649;1.8397453000000001;20251;0
1790;10.237276;14.436541;2338;0
1791;16.05481;4.450026;20987;0
1792;10.075662;17.561993;8542;0
1793;10.899865;18.448006;18568;0
1794;11.411694;3.4236282999999994;20211;0
1795;5.999696299999999;1.2762736000000001;20566;0
1796;10.427648;0.33298546;5607;0
1797;12.189086;6.305332;27071;0
1798;-9.308371000000001;1.5941832;38434;1
1799;14.415117;-0.75500757;29086;0
1800;-10.441382;1.8284241;21824;1
1801;10.985255;3.9119803999999996;29068;0
1802;13.464507999999999;1.4087421999999998;13628;0
1803;-14.691476999999999;4.2861624;39280;1
1804;10.899278;18.436901000000002;18574;0
1805;-19.613316;-0.67854005;38721;1
1806;13.642432999999999;3.6539943;41792;0
1807;13.224770000000001;1.8444658999999999;21104;0
1808;13.362013000000001;1.8289708999999998;20096;0
1809;-5.826373;2.0302815;15475;1
1810;-19.61167;-0.67791444;39291;1
1811;11.69993;2.9422479999999998;8070;0
1812;-10.443953500000001;1.8294375;39679;1
1813;13.134703;2.3920712;8491;0
1814;11.37687;4.0569496;20979;0
1815;-19.830032;-0.7082877;39084;1
1816;-19.450176000000003;-0.6651451;39079;1
1817;11.733821;-1.243013;8439;0
1818;11.271512;4.0612917;30026;0
1819;12.463089;0.065527104;1315;0
1820;12.305157000000001;4.730001000000001;39376;0
1821;13.483629999999998;1.8398130000000001;20379;0
1822;9.329125999999999;4.237733400000001;2360;0
1823;-10.293612;5.2768726;38772;1
1824;13.365606;-5.0524974;2004;2
1825;-14.183176999999999;6.380861;39148;1
1826;10.977724;3.0492406;27090;0
1827;12.779002;2.4032172999999997;6882;0
1828;10.945257000000002;-0.6807797;15484;0
1829;11.375109;18.977789;5898;0
1830;13.661489499999998;3.6730742;30814;0
1831;11.489024;3.407425;27729;0
1832;10.580671;4.415171;27448;0
1833;-20.055270999999998;-0.7405038;21878;1
1834;13.786929;1.3622801000000002;21229;0
1835;12.395277;4.282971400000001;20662;0
1836;12.95435;1.6001011;26765;0
1837;12.177599;6.3225713;13608;0
1838;12.737579;0.9157456;2045;0
1839;12.281654;4.041568;6292;0
1840;9.341589;1.5679849;20780;0
1841;-19.627056;-0.6796585999999999;30778;1
1842;-7.7159424;5.5335965;38390;1
1843;10.321760000000001;0.460049;2410;0
1844;12.582021000000001;0.08949528;1786;0
1845;-14.423688;4.2542887;38799;1
1846;-14.628502;4.2916989999999995;38624;1
1847;-5.7533845999999995;8.960007000000001;33219;1
1848;12.825208;-8.278901;19508;2
1849;2.2578351000000003;-12.37885;21413;2
1850;16.529318;-1.3152808999999999;19926;0
1851;-10.973991999999999;2.8487659;19921;1
1852;11.580548;4.943225;20522;0
1853;13.302439999999999;1.9313577000000002;7615;0
1854;-10.378874;5.404011;39016;1
1855;11.27816;3.3967006;27113;0
1856;-10.38038;5.398428400000001;21914;1
1857;11.362982;4.1431694;24230;0
1858;6.4454803;2.7152483;2049;0
1859;9.332495;1.5640665;20786;0
1860;11.696688;2.9594533;6434;0
1861;12.82531;-8.273386;19501;2
1862;10.117792;1.7200602999999999;27456;0
1863;11.616278;0.63854325;16863;0
1864;1.0414582000000001;1.4282323000000001;2272;0
1865;-14.599409;4.231706;33193;1
1866;11.349571000000001;0.09649275;5910;0
1867;14.560834;-13.350589000000001;6417;2
1868;11.625078;0.51183033;20592;0
1869;-5.7999887;2.0442669999999996;17249;1
1870;1.8955253;-12.336051;21378;2
1871;-10.386830999999999;5.406747;21909;1
1872;0.9626579;1.1775346000000002;2269;0
1873;11.351878999999998;0.09860361;5909;0
1874;13.363396;1.8465106;20929;0
1875;10.243783;14.435664000000001;2351;0
1876;13.787987;1.3663889999999999;21225;0
1877;-10.512611;2.919219;39692;1
1878;-10.500886;2.9287431;21828;1
1879;11.611147;0.51751536;20754;0
1880;-10.349546;1.8932644;38830;1
1881;-10.972209;2.8487632;21819;1
1882;0.9459646999999999;1.1649553;2266;0
1883;13.133208999999999;2.3912777999999997;8470;0
1884;15.085335;-4.539717700000001;19528;0
1885;-5.826082700000001;2.024263;17279;1
1886;11.023503;1.6302588;17236;0
1887;10.427323;-0.24428995;20561;0
1888;13.459785;1.3987439;20180;0
1889;12.144127000000001;0.85352516;8259;0
1890;11.580615;4.8991947;20981;0
1891;-10.551785;2.9335513;38736;1
1892;10.540372999999999;1.023811;39446;0
1893;-9.6011305;1.9461081000000002;21834;1
1894;11.740752;-1.2430775;8442;0
1895;12.273895;4.038456;6286;0
1896;4.6585355;-12.833603;20372;2
1897;12.47345;2.7173522;41005;0
1898;9.597277;1.6518167000000001;20803;0
1899;11.582602;4.893445;20985;0
1900;-5.7493105;8.96165;21885;1
1901;11.967310000000001;2.4600122000000004;26780;0
1902;13.464064000000002;1.4165391;20131;0
1903;14.200110999999998;3.0735347;39306;0
1904;12.923935;2.0353103;17235;0
1905;-14.17692;6.384703;38828;1
1906;11.024813;1.6287272;17234;0
1907;13.624413;3.6592383;30810;0
1908;12.589317;0.09391508;1785;0
1909;-19.923939999999998;-0.7252904;30777;1
1910;12.6119;0.10556638;3448;0
1911;10.913347;3.0754932999999998;27104;0
1912;13.369557;1.9722525000000002;10044;0
1913;12.564962;2.587868;41697;0
1914;15.087999;-4.5411386;19531;0
1915;-20.03564;-0.7410523;38842;1
1916;3.8002384;-12.6304655;4574;2
1917;-6.2794847;-0.38140288;38449;1
1918;9.321128999999999;1.6279119;37237;0
1919;14.559892999999999;-13.339414999999999;21356;2
1920;13.688011;3.6800512999999997;30822;0
1921;11.964316;2.4579825;40776;0
1922;12.777525;2.402017;27078;0
1923;11.767603999999999;3.3442809999999996;13542;0
1924;13.388229;1.8505886000000003;21108;0
1925;10.441942;0.30686490000000005;2377;0
1926;-9.212216999999999;2.7767212000000003;30785;1
1927;13.46519;1.4124714;20139;0
1928;-2.9637740000000004;-0.20452647;17286;1
1929;13.779036999999999;1.3811791000000002;20094;0
1930;6.4487123;2.7153952;2052;0
1931;11.622110000000001;0.5149352;20583;0
1932;10.45434;0.2908779;2431;0
1933;11.649768;0.53861445;6447;0
1934;11.4051;3.4143367;13588;0
1935;13.63352;3.6701309999999996;30809;0
1936;12.931221;2.0388923;13610;0
1937;10.895807000000001;18.438017000000002;41680;0
1938;11.640758;2.8749235;8203;0
1939;18.60001;-10.592825999999999;4610;2
1940;-5.746885;8.961917;38857;1
1941;4.011271;-12.642289;11077;2
1942;13.316053;1.9230696;5906;0
1943;11.640403;2.8762362;8201;0
1944;-9.211996000000001;2.7784941;21908;1
1945;14.594317000000002;-12.673128;13593;2
1946;9.592178;1.6508961;11109;0
1947;18.571995;-10.58343;36958;2
1948;13.497989000000002;1.8542681;20397;0
1949;14.490641;-13.272158;6414;2
1950;-14.643193;4.285411;38608;1
1951;14.594721;-12.677912;26667;2
1952;1.0408348;1.4280865;2300;0
1953;11.887088;3.8896365;39462;0
1954;17.48968;-1.3559031000000001;10034;0
1955;14.204004999999999;3.078986;39318;0
1956;12.455145;2.4296184;20225;0
1957;12.742279;0.92062634;21261;0
1958;-5.2927480000000005;-0.10528984;30790;1
1959;12.008595;5.0027246;13601;0
1960;-10.463149000000001;1.8218332999999998;39205;1
1961;3.9936013;11.313845;8137;0
1962;3.8690686000000003;-12.646942;17204;2
1963;-10.213746;5.199637999999999;21808;1
1964;13.782728;1.3741863;21231;0
1965;12.951787;1.6006778;26752;0
1966;12.828873;-8.284971;19498;2
1967;13.317054999999998;-4.457392700000001;18771;0
1968;11.365274000000001;4.144302;15867;0
1969;9.331147999999999;1.6118025;11083;0
1970;13.480441;1.8413119999999998;20380;0
1971;-19.844832999999998;-0.70569295;33210;1
1972;9.331336;1.6236426000000002;11082;0
1973;16.667528;-1.4205124;39418;0
1974;13.65209;-8.628672;19527;2
1975;22.737034;-4.7243805;16657;0
1976;10.976657000000001;3.0482013;26759;0
1977;22.77168;-4.7491918;27419;0
1978;11.739286;-1.2485688;8448;0
1979;9.587849;1.6502348999999998;15768;0
1980;-6.279134;-0.37870526;19914;1
1981;-9.619223;1.9269804;19911;1
1982;16.056873;4.441146;21046;0
1983;13.123045000000001;2.398718;8473;0
1984;-7.7130446;5.538965;38408;1
1985;-3.8143883;-0.5679505;39394;1
1986;10.44364;-0.21562059;4602;0
1987;14.355453500000001;2.9899272999999997;39387;0
1988;3.6256988;-12.637762;15781;2
1989;9.077292;-2.0629296000000004;8056;0
1990;16.049747;4.456230000000001;20994;0
1991;10.116514;1.7283561;27441;0
1992;16.659367;-1.4104816999999998;17245;0
1993;22.701532;-4.6761756;27411;0
1994;12.668398;-9.063328;41555;2
1995;9.479994;1.6271616000000002;4565;0
1996;10.236296000000001;14.421184;3439;0
1997;12.663508;-9.057107;41559;2
1998;10.5494175;1.0263956;27021;0
1999;11.328489;0.13893756;31310;0
2000;-9.332647999999999;1.5712252;21862;1
2001;11.649168;0.53468263;26676;0
2002;14.561129999999999;-13.342966;21361;2
2003;-8.350027;3.8445706;20024;1
2004;-10.394815;5.420454;21814;1
2005;10.97909;3.0452232000000006;26749;0
2006;10.651859;0.0062021343;8255;0
2007;11.487864;3.4138744;8212;0
2008;11.769795;3.3447099000000002;13541;0
2009;11.239253999999999;3.4427695;26758;0
2010;0.94231635;1.1704003;2099;0
2011;-3.8168972;-0.56657064;17253;1
2012;11.917434;2.5039895;26716;0
2013;-14.640103;4.2856874000000005;21821;1
2014;16.533756;-1.3161681;19930;0
2015;11.489564999999999;3.4132983999999995;27730;0
2016;13.673912;-9.664043;24237;2
2017;11.624647;0.58968335;15795;0
2018;10.813349;3.6320355;7513;0
2019;-20.060532000000002;-0.7448395000000001;21469;1
2020;-9.307891999999999;1.6088855;38901;1
2021;12.186705;6.319443;21117;0
2022;13.630018;3.6651669;40454;0
2023;11.097719;18.79072;41689;0
2024;11.623202000000001;0.5858641;31303;0
2025;-9.323738;1.5740615;39283;1
2026;-6.274849400000001;-0.39766884;39660;1
2027;11.907587;2.499494;40770;0
2028;14.123756;3.1044543;39338;0
2029;11.97076;2.4706063;26779;0
2030;11.244133;3.4393113;27107;0
2031;2.6493279999999997;-12.430002;5620;2
2032;-19.865862;-0.70074385;39176;1
2033;3.9919133;11.312528;8217;0
2034;11.620567999999999;0.50381947;20749;0
2035;22.822135999999997;-4.7824135000000005;27402;0
2036;9.366983;4.228048;26715;0
2037;10.3364525;0.45286408;2460;0
2038;9.175745;0.24798186;24157;0
2039;11.360489999999999;4.147379;40784;0
2040;-14.547371;4.277171;38767;1
2041;13.410115;1.8495538;17186;0
2042;12.675844;-9.060830000000001;41554;2
2043;1.0456064;1.4429746;2301;0
2044;13.476532;1.8404305;20378;0
2045;12.778261;2.4064054;14763;0
2046;13.780864000000001;1.3657093999999999;20282;0
2047;12.491384;2.7145214;24688;0
2048;11.257164;4.063987;38970;0
2049;14.507541;-13.298298999999998;9425;2
2050;6.224324;-8.271448;20402;2
2051;10.543752;1.0296450000000001;16880;0
2052;-14.692737;4.2852845;38884;1
2053;11.622345;0.58339846;20575;0
2054;11.446;3.4254565;20198;0
2055;10.654703999999999;0.008155823000000001;8254;0
2056;11.471693;3.4395102999999994;20194;0
2057;14.303901999999999;3.0211103;21865;0
2058;13.220474;1.845747;13604;0
2059;18.597504;-10.59635;11052;2
2060;10.98501;3.9162755;8089;0
2061;9.076953;-2.0614972;6440;0
2062;17.50565;-1.3492565;10908;0
2063;14.121443;3.1007762000000003;39762;0
2064;12.455869999999999;2.428902;20202;0
2065;11.353755;3.4146779;20266;0
2066;3.4869766;-12.650837;17166;2
2067;12.18067;6.3238254000000005;20080;0
2068;12.185759;2.1136994;40448;0
2069;12.928673;2.04149;17176;0
2070;10.536760000000001;1.0272694;39449;0
2071;11.967452999999999;2.458528;26783;0
2072;-9.2130165;2.7775654999999997;33199;1
2073;12.453909;2.4210546;20216;0
2074;14.480718;-13.269960999999999;11029;2
2075;-19.361431;-0.6514794;38674;1
2076;-9.600424;1.9441496999999999;38609;1
2077;11.889444000000001;3.8902487999999997;39297;0
2078;-14.455936999999999;4.267862999999999;38852;1
2079;-3.8870957;-0.46244717;39894;1
2080;3.7149644;-12.631017;4572;2
2081;14.59852;-12.672279;11030;2
2082;11.961016;2.4698808;26786;0
2083;-20.064129;-0.7399650999999999;39278;1
2084;22.702137;-4.67937;24784;0
2085;13.318273999999999;1.9233091;10039;0
2086;11.581961999999999;4.938589599999999;20328;0
2087;13.681384;-9.66875;27717;2
2088;22.759815;-4.743603;15863;0
2089;-5.8726926;1.9954503000000001;14237;1
2090;9.315601;1.5664525;4591;0
2091;10.543158;1.0273968;27026;0
2092;18.618382;-10.618666000000001;4611;2
2093;-10.278825999999999;5.2819033;21818;1
2094;11.280565;4.059762;30027;0
2095;11.617346000000001;0.6139095999999999;27084;0
2096;-5.2081304;-0.09612127;39075;1
2097;9.073961;-2.0640557;6439;0
2098;-10.511209;2.9193234;21842;1
2099;0.96553195;1.1789538999999998;2304;0
2100;0.62075293;0.9609078000000001;2271;0
2101;11.6213;0.5094625;30081;0
2102;11.958386;2.4638169999999997;24550;0
2103;-5.7503514000000004;8.963403999999999;38716;1
2104;10.999908999999999;-0.44772273;27463;0
2105;11.374116;4.055343;26767;0
2106;-10.224586;5.200177;38922;1
2107;-10.227056;5.207687;21869;1
2108;10.12579;0.6608329000000001;2574;0
2109;-10.369756;1.8849436000000002;38795;1
2110;10.482921000000001;-0.2531715;37236;0
2111;2.5097492000000003;-12.399432000000001;10912;2
2112;-9.307271;1.6038678;38462;1
2113;1.8930912;-12.335106;21415;2
2114;11.320628999999998;0.14469747;15488;0
2115;10.810684;3.6251269999999995;7508;0
2116;-19.834656;-0.70623577;33206;1
2117;14.557455;1.402666;1310;0
2118;11.745008;-1.2549295;8451;0
2119;11.19154;1.9491150000000002;13609;0
2120;12.183261;6.3271074;21073;0
2121;10.313891;0.45871553;2560;0
2122;10.474794000000001;-0.24476925;20548;0
2123;15.088196;-4.5420833;19530;0
2124;-9.303922;1.6028194;39655;1
2125;9.977624;12.812616;19510;0
2126;-9.323452;1.5813153;39066;1
2127;11.882883;3.8879851999999997;39337;0
2128;14.2754135;3.0423985;21879;0
2129;-5.2333426;-0.1022587;39340;1
2130;-20.035204;-0.73274535;39157;1
2131;10.137466;0.6676996999999999;2565;0
2132;-5.8178105;2.0333683000000002;39657;1
2133;4.605729;-12.813505000000001;11074;2
2134;18.57489;-10.581749;20520;2
2135;10.901994;18.447239;18571;0
2136;-10.450156;1.8196363000000002;21847;1
2137;-10.372346;1.8815575;38729;1
2138;10.176821;15.527898;32663;0
2139;-10.378697;5.4046426;39013;1
2140;12.990633;2.1493196;15480;0
2141;11.280447;3.401649;27105;0
2142;-10.443132;1.8335476000000002;39017;1
2143;11.047525;18.954113;18615;0
2144;10.307285;2.8527749;8501;0
2145;11.359731;0.10193534;14296;0
2146;16.653568;-1.4087186999999999;21916;0
2147;13.643916;3.6468835;30827;0
2148;16.061466;4.4406824;21059;0
2149;-10.1895895;5.2111434999999995;38763;1
2150;-5.2921615;-0.11433180400000001;39850;1
2151;-10.444666;1.8255433999999997;38743;1
2152;13.321803;1.9206866999999999;10036;0
2153;13.474905;1.8397240000000001;20250;0
2154;15.086673000000001;-4.54055;19532;0
2155;10.481878;-0.25362736;37240;0
2156;-9.315083;1.5797739;19902;1
2157;12.144569;0.8528511000000001;8260;0
2158;10.111739;0.6703851;2412;0
2159;-14.609709;4.2398815;39189;1
2160;12.218966499999999;0.924839;6000;0
2161;11.7682085;3.3101373;27077;0
2162;12.742894999999999;0.9228226;2007;0
2163;14.481029999999999;-13.270914000000001;21430;2
2164;13.191385;-4.409322;19565;0
2165;3.5834267;-12.6445675;17179;2
2166;9.326469;1.6326988000000002;7300;0
2167;10.227091;14.419406;2355;0
2168;0.9452584999999999;1.1752326000000002;5588;0
2169;22.822010000000002;-4.790952;24228;0
2170;-14.179413;6.3778167;24744;1
2171;11.574059;4.927736299999999;20329;0
2172;18.571417;-10.584666;20536;2
2173;12.987257000000001;2.1493108;14699;0
2174;3.714786;-12.632777;20224;2
2175;-9.31617;1.5787207;38433;1
2176;3.9906300000000003;11.312712;29060;0
2177;11.340738;4.063102;39816;0
2178;13.689174;3.6846900000000002;30818;0
2179;11.37045;4.0602884;26760;0
2180;11.923102;2.5072813;38973;0
2181;14.555075;1.4036386;6426;0
2182;13.65177;-8.628125;19522;2
2183;10.649564999999999;0.0074067293000000005;8252;0
2184;1.0373952;1.4222834;2275;0
2185;12.742533;0.9168202;2010;0
2186;-10.456531;1.8149993000000002;39282;1
2187;-10.557013000000001;2.9324193;39695;1
2188;-10.299291;5.272805;38709;1
2189;-19.364347;-0.6514767;38879;1
2190;11.598944;0.6966884;20550;0
2191;9.17872;0.2476145;39234;0
2192;3.6336597999999998;-12.630965;17195;2
2193;12.081404;-14.523929;11088;2
2194;9.841902000000001;0.6185881;2479;0
2195;13.198817000000002;-4.398753599999999;6121;0
2196;12.786488;2.3860683;20770;0
2197;12.190968;2.094711;40452;0
2198;-4.9218554;3.405175;38425;1
2199;16.667423;-1.4165803999999997;21901;0
2200;22.822664000000003;-4.790208;27376;0
2201;12.142944;0.8464761999999999;8435;0
2202;11.025568;1.6286526000000001;17237;0
2203;-4.920617;3.407168;38420;1
2204;16.105541;1.2913688;39803;0
2205;9.840527999999999;0.62066567;2422;0
2206;11.683838;0.5478224;20759;0
2207;10.1872425;15.525522;24154;0
2208;13.364045999999998;-5.0532379999999995;3452;2
2209;14.307154;3.021992;21898;0
2210;6.0032015;1.2734896;11095;0
2211;10.460216;0.29257625;2486;0
2212;-5.815677;2.0307498;17282;1
2213;16.573164000000002;-1.3548187;21911;0
2214;-10.568522;2.9360362999999996;39683;1
2215;12.624196000000001;0.100823164;1787;0
2216;10.107327;0.6762021;2369;0
2217;11.637634;2.8681793;8086;0
2218;3.9928492999999996;11.311663000000001;29059;0
2219;11.770779;3.3123536;3151;0
2220;13.362119;1.8357854999999998;20095;0
2221;10.435132000000001;-0.24757579999999998;20553;0
2222;9.828406;17.311071;8497;0
2223;6.232387;-8.278722;20405;2
2224;13.480914000000002;1.8389118000000002;4568;0
2225;3.4933083;-12.644722;4578;2
2226;12.276152;4.036279;21434;0
2227;11.38516;3.4126542;13614;0
2228;-14.495023999999999;4.287164;21837;1
2229;16.52563;-1.3151289;39420;0
2230;12.929514999999999;2.04149;13611;0
2231;-6.284985;-0.3732738;19905;1
2232;14.48115;-13.270495;6418;2
2233;-10.368681;1.8815422;21856;1
2234;2.5100029;-12.400927000000001;5623;2
2235;12.182963;0.8935301;21265;0
2236;9.330406;1.5684801000000002;20773;0
2237;4.443184400000001;-12.826915;30053;2
2238;11.396448;3.410921;20229;0
2239;3.7074113;-12.627694;17200;2
2240;-14.180391;6.384188;21817;1
2241;13.220720000000002;1.8535162;13592;0
2242;10.900706;18.444456;6106;0
2243;12.451675999999999;2.3998287;20920;0
2244;13.785839999999999;1.3763621000000001;21230;0
2245;10.422781;-0.24788494;4601;0
2246;9.842353999999998;0.552875;5597;0
2247;-10.177533;5.222988;38907;1
2248;11.292461;3.3849532999999994;27112;0
2249;-8.34833;3.838834;20012;1
2250;13.191946;-4.406587;7231;0
2251;13.993044;6.909811500000001;8044;0
2252;16.637579000000002;-1.3974613;39371;0
2253;6.198671;-8.258331;11151;2
2254;12.601747;0.094505094;1794;0
2255;11.217506;3.488662;26766;0
2256;12.783671;2.3847408;20778;0
2257;11.341310499999999;4.0680904;39381;0
2258;-3.8163998;-0.56767064;39395;1
2259;11.963469;2.4622674;24549;0
2260;14.275965;3.0423473999999997;39802;0
2261;-5.8273087;2.019866;39166;1
2262;6.2072043;-8.256052;4603;2
2263;11.689347999999999;0.54648995;20760;0
2264;11.687382000000001;0.55105704;15773;0
2265;13.273007000000002;1.2373618999999998;8494;0
2266;11.181864;1.9463575;20966;0
2267;-7.718835400000001;5.5497837;38384;1
2268;11.337348;0.12782939999999998;14299;0
2269;12.464133;0.06435768;32434;0
2270;12.257197999999999;4.715148999999999;21884;0
2271;16.659182;-1.410196;39324;0
2272;-8.371725999999999;3.8375041;20018;1
2273;9.3664255;4.22355;26714;0
2274;6.4434333;2.7140186;2055;0
2275;10.420459;0.34398675;2392;0
2276;13.384791;1.8490793999999997;16902;0
2277;9.849045;0.5402714;5611;0
2278;14.588071;-12.676808;10917;2
2279;10.076532;17.567398;8547;0
2280;12.490131;2.7116237;40826;0
2281;11.634053;0.5491924;11155;0
2282;11.625766;0.60807484;6450;0
2283;12.482538;2.720623;40827;0
2284;11.591333;0.70336884;15646;0
2285;13.786914000000001;1.3711841999999999;21226;0
2286;12.987799;2.1544461;31309;0
2287;9.46982;1.6264902;20790;0
2288;-8.350156;3.8416542999999996;38412;1
2289;13.782567000000002;1.3758528;21235;0
2290;16.420977;3.7670019999999997;20324;0
2291;4.495757;-12.842042999999999;20385;2
2292;18.595385;-10.593451;37238;2
2293;2.3242507000000003;-12.387724;21383;2
2294;10.455652;0.2906419;2406;0
2295;11.621312;0.6252105;5321;0
2296;11.362277;4.1381120000000005;27447;0
2297;14.505163;-13.296785999999999;21388;2
2298;9.075444000000001;-2.0625281;8048;0
2299;-14.433454000000001;4.2548246;38902;1
2300;-10.969259;2.8464973;19918;1
2301;13.781323;-5.941849700000001;19492;2
2302;-14.608622;4.2441792000000005;39287;1
2303;11.652863499999999;0.5369564;26745;0
2304;12.174154;2.1295938;8029;0
2305;10.136217;0.6608272;2572;0
2306;-19.843432999999997;-0.69849575;20014;1
2307;11.578253;4.892826599999999;20980;0
2308;-14.176916;6.380175599999999;38758;1
2309;-19.639881;-0.67959833;38440;1
2310;14.5902;-12.677131;21423;2
2311;11.374684;18.978521;5616;0
2312;12.146818;0.8510582;8256;0
2313;11.5749035;4.9172263;20988;0
2314;11.745204;-1.2483305;3683;0
2315;13.277845000000001;1.2377106000000002;8492;0
2316;10.076979;17.560518;8517;0
2317;-14.423666;4.2571135;38880;1
2318;-8.8665905;1.6517383999999997;21804;1
2319;-10.300089999999999;5.2780437000000004;38805;1
